Scenario,TaskCount,Algorithm,Cost_mean,Cost_std,Carbon_mean,Carbon_std,SLASatisfaction_mean,SLASatisfaction_std,SLAViolationRate_mean,SLAViolationRate_std,RenewableUtilization_mean,RenewableUtilization_std,LoadImbalance_mean,LoadImbalance_std,Runtime_mean,Runtime_std
Combined Dynamic Environment,50,Classical,13.015179999999997,0.9565994114931102,46.590650000000004,3.9669363309260084,0.9413333333333332,0.03481313003722166,0.058666666666666666,0.034813130037221654,0.6271683333333333,0.0038335375967566867,88.64495854302635,7.113948772886145,0.001815486664418131,0.0003182648874901665
Combined Dynamic Environment,50,FCFS,10.794500000000001,0.7973122081351687,95.33395333333333,6.991421559347268,0.8266666666666667,0.03799576503927166,0.17333333333333334,0.037995765039271684,0.459874,0.0,6.175813779214852,2.7871609887172895,0.0008375966727423172,0.00038648338595919854
Combined Dynamic Environment,50,GA,13.281253333333332,1.001320291771141,44.42711,3.205624116041189,1.0,0.0,0.0,0.0,0.633624,0.0,96.18655484699165,7.016974492933744,0.001301456663835173,0.00018733714968945876
Combined Dynamic Environment,50,Max-Min,13.392213333333332,0.8960683701336766,48.268416666666674,3.281932534249882,1.0,0.0,0.0,0.0,0.633624,4.6099501912333345e-17,96.18655484699165,7.016974492933744,0.0007984666716462622,0.00012318569211706033
Combined Dynamic Environment,50,Min-Min,8.83162,0.5975135966711521,81.17632333333334,6.582644560518703,0.5093333333333333,0.07478398009039716,0.4906666666666667,0.07478398009039718,0.5218079999999999,6.519454082306625e-17,96.18655484699165,7.016974492933744,0.0007999999991928538,0.00011112320479115692
Combined Dynamic Environment,50,Proposed Quantum-Inspired,10.82387,0.8306822373289274,91.44003666666666,8.93709591690273,0.8326666666666667,0.04118363696934728,0.16733333333333336,0.041183636969347286,0.47537333333333337,0.016218231633977037,15.025362443659512,5.86531153624775,0.0030008133326191455,0.0005229544822950752
Combined Dynamic Environment,50,Round Robin,10.794500000000001,0.7973122081351687,95.33395333333333,6.991421559347268,0.8266666666666667,0.03799576503927166,0.17333333333333334,0.037995765039271684,0.459874,0.0,6.175813779214852,2.7871609887172895,0.0007410966694199791,0.00010649092871847908
Combined Dynamic Environment,100,Classical,23.58372333333333,0.687477096638352,118.78725333333334,9.609239732520852,0.8019999999999999,0.04444291185097015,0.198,0.04444291185097016,0.5862802666666667,0.007554181974624871,113.03171164837416,6.096465497103855,0.0035921666596550493,0.00047089424856726613
Combined Dynamic Environment,100,FCFS,21.783913333333327,0.9334848386310427,190.08455,8.623928353484539,0.8253333333333334,0.023596220231117605,0.17466666666666666,0.023596220231117546,0.46583099999999994,0.0,8.35959670314533,3.186119079223952,0.001491870009340346,0.00025308340093171505
Combined Dynamic Environment,100,GA,26.809256666666663,1.1777485281857394,89.34614666666667,3.864220562325457,1.0,0.0,0.0,0.0,0.6335679999999999,0.0,193.5855452592815,8.399456057922174,0.002609416660076628,0.0004095109537222888
Combined Dynamic Environment,100,Max-Min,26.894150000000007,1.0435202206292296,97.06837000000002,3.9826142501654225,1.0,0.0,0.0,0.0,0.633568,8.986447290752814e-17,193.5855452592815,8.399456057922174,0.0015210700027334194,0.00021764728716457886
Combined Dynamic Environment,100,Min-Min,17.833286666666666,0.6947601281580282,163.51701333333332,7.768642360542988,0.511,0.05454198003562847,0.489,0.05454198003562851,0.52176,3.5708520634984804e-17,193.5855452592815,8.399456057922174,0.0015884233367008467,0.00025836919288441134
Combined Dynamic Environment,100,Proposed Quantum-Inspired,21.84173333333333,1.0007501625361308,185.38438333333335,10.873480075349518,0.8426666666666667,0.03590536731881252,0.15733333333333333,0.03590536731881251,0.4711770666666667,0.008307144017021746,20.368688656309114,6.812439617373226,0.005835536669474095,0.0006768129508028028
Combined Dynamic Environment,100,Round Robin,21.783913333333327,0.9334848386310427,190.08455,8.623928353484539,0.8253333333333334,0.023596220231117605,0.17466666666666666,0.023596220231117546,0.46583099999999994,0.0,8.35959670314533,3.186119079223952,0.0014721866658267875,0.0003559451492911968
Combined Dynamic Environment,250,Classical,54.50392,1.5492497272929455,449.2781233333334,17.297276673704395,0.676,0.03187908188873958,0.324,0.03187908188873959,0.4865049733333333,0.004343571247887086,69.89560281886556,7.769616325728673,0.008862656667285288,0.0011194310845237688
Combined Dynamic Environment,250,FCFS,54.858689999999996,1.6504061133133543,481.6264000000001,14.35533833041521,0.8368,0.02101953114736801,0.16320000000000004,0.021019531147367966,0.464646,0.0,12.978574639963934,5.372978399125319,0.003738946677185595,0.0002847945247153353
Combined Dynamic Environment,250,GA,67.59137,2.015748832901765,225.5744866666666,6.485759799093715,1.0,0.0,0.0,0.0,0.6335496,0.0,488.6981353555587,14.25140646416686,0.0064822066555886215,0.0006367588927249629
Combined Dynamic Environment,250,Max-Min,67.76915333333332,1.7713888740941157,244.78230999999994,6.4602451820317865,1.0,0.0,0.0,0.0,0.6335496,6.519454082306625e-17,488.6981353555587,14.25140646416686,0.003936239999408523,0.00048795851342156154
Combined Dynamic Environment,250,Min-Min,45.08412666666666,1.1819573695367744,413.3192966666666,13.765747676438446,0.5165333333333334,0.03700114940743416,0.48346666666666666,0.03700114940743416,0.5217496,1.0909133250980695e-16,488.6981353555587,14.25140646416686,0.003926103338987256,0.00048302553237620545
Combined Dynamic Environment,250,Proposed Quantum-Inspired,54.84929999999999,1.643767687252428,474.77759000000003,17.001147533731103,0.8328,0.025674890457409942,0.1672,0.025674890457409928,0.4677938933333333,0.006245620277908045,30.984099804760795,13.263336526523627,0.014426643333475415,0.0013519348913015488
Combined Dynamic Environment,250,Round Robin,54.858689999999996,1.6504061133133543,481.6264000000001,14.35533833041521,0.8368,0.02101953114736801,0.16320000000000004,0.021019531147367966,0.464646,0.0,12.978574639963934,5.372978399125319,0.0035963333347657075,0.0003350647869821463
Combined Dynamic Environment,500,Classical,106.77596666666665,2.461124508239583,997.9424966666666,25.178440051682923,0.6535333333333334,0.018001404798310708,0.34646666666666665,0.018001404798310718,0.46240428666666666,0.004912028333537088,160.34537833151077,11.80166839716134,0.017605950000385444,0.0012876196249533448
Combined Dynamic Environment,500,FCFS,110.11273000000003,2.5681522538050947,964.18045,22.274135713264737,0.8371333333333334,0.01554245206175505,0.1628666666666667,0.015542452061755066,0.4658444,0.0,20.985253874028885,7.270360459869709,0.007802823335320379,0.0009351037715709074
Combined Dynamic Environment,500,GA,135.60573333333335,3.212447053564317,452.3871566666668,10.237659833005429,1.0,0.0,0.0,0.0,0.6335491999999999,0.0,979.1138877619566,23.29322548399592,0.013037456661307564,0.0011247670725266646
Combined Dynamic Environment,500,Max-Min,135.7168,2.869877274319396,490.58832000000046,10.778732006112204,1.0,0.0,0.0,0.0,0.6335491999999999,6.519454082306625e-17,979.1138877619566,23.29322548399592,0.007957383328660701,0.0005411245514873054
Combined Dynamic Environment,500,Min-Min,90.38191999999994,1.913332391657417,827.7578399999992,21.78122869556907,0.5181333333333333,0.023139357922325143,0.48186666666666667,0.023139357922325167,0.5217480000000001,7.141704126996961e-17,979.1138877619566,23.29322548399592,0.008171690008991088,0.0007602308725384002
Combined Dynamic Environment,500,Proposed Quantum-Inspired,109.92484666666662,2.69193299677507,959.8108400000001,22.86248100659606,0.8342666666666666,0.016747482226279257,0.16573333333333334,0.016747482226279264,0.46592059999999996,0.00425740107544983,39.46309608661054,16.527650726698422,0.029440919998645163,0.002056654293289305
Combined Dynamic Environment,500,Round Robin,110.11273000000003,2.5681522538050947,964.18045,22.274135713264737,0.8371333333333334,0.01554245206175505,0.1628666666666667,0.015542452061755066,0.4658444,0.0,20.985253874028885,7.270360459869709,0.00897184000738586,0.007454713035903877
Combined Dynamic Environment,1000,Classical,225.21336333333332,4.166282773647097,1803.3555700000002,35.12639179777037,0.7195,0.015280706789936132,0.2805,0.01528070678993613,0.5150632233333333,0.003090460539911035,362.6037108031512,22.689312654700984,0.03490430000044095,0.0026474320700906333
Combined Dynamic Environment,1000,FCFS,219.4335266666665,3.802826634721513,1920.416279999999,31.715825494727333,0.8379,0.010870237760302971,0.16210000000000005,0.010870237760303011,0.46584390000000003,0.0,27.702737342133037,12.441068410411507,0.015347346669295802,0.001200873314219828
Combined Dynamic Environment,1000,GA,270.09093666666666,4.606041437330125,901.761526666667,15.651877109723584,1.0,0.0,0.0,0.0,0.6335486,0.0,1950.404679376394,33.26304514643533,0.02725852666965996,0.007839514051792573
Combined Dynamic Environment,1000,Max-Min,270.3421766666664,4.133834050994406,977.1567466666675,15.312767580090892,1.0,0.0,0.0,0.0,0.6335486,7.713922098636097e-17,1950.404679376394,33.26304514643533,0.015851533331442624,0.0008853782336438985
Combined Dynamic Environment,1000,Min-Min,180.1326299999998,2.7561326019286483,1649.0988066666657,31.395807639687547,0.5173666666666666,0.01715343201476189,0.4826333333333333,0.01715343201476189,0.5217466,2.915588500845224e-17,1950.404679376394,33.26304514643533,0.015732410001025224,0.0006378786665107576
Combined Dynamic Environment,1000,Proposed Quantum-Inspired,219.25920666666656,3.9616695070894643,1913.5517799999996,32.50346313809082,0.8342666666666666,0.01260523518316847,0.16573333333333337,0.012605235183168475,0.46705806666666666,0.0028479403278974104,57.31050216331145,22.77556559248666,0.05929192666662857,0.008284397852808907
Combined Dynamic Environment,1000,Round Robin,219.4335266666665,3.802826634721513,1920.416279999999,31.715825494727333,0.8379,0.010870237760302971,0.16210000000000005,0.010870237760303011,0.46584390000000003,0.0,27.702737342133037,12.441068410411507,0.01587284666408474,0.007166534493230442
Combined Dynamic Environment,2000,Classical,450.76539999999966,6.046377925211356,3357.9988599999983,58.03970800641591,0.7252166666666666,0.011866849895266311,0.2747833333333333,0.011866849895266308,0.5352685583333334,0.0030383203385821464,1299.5975173156598,29.502981795061572,0.07549261000240222,0.014787015095518217
Combined Dynamic Environment,2000,FCFS,438.5720533333329,4.246876968065408,3828.011326666665,38.80153554798077,0.8377166666666667,0.006902877127957462,0.16228333333333333,0.006902877127957467,0.46584555,0.0,38.53982581471876,12.560223593900023,0.03338641666341573,0.010853891277608194
Combined Dynamic Environment,2000,GA,539.702716666666,5.07623764824283,1799.3908966666665,17.8430788761834,1.0,0.0,0.0,0.0,0.6335499,0.0,3893.2605039831333,36.4273042013722,0.05410839666146785,0.00841308542259513
Combined Dynamic Environment,2000,Max-Min,539.6721733333329,4.614154114351837,1951.0639099999964,16.736367274753107,1.0,0.0,0.0,0.0,0.6335499,0.0,3893.2605039831333,36.4273042013722,0.03380569998989813,0.008135646299389385
Combined Dynamic Environment,2000,Min-Min,359.6869066666668,3.0763296088067458,3290.7511500000005,34.3671655575167,0.5182166666666667,0.01155696784399466,0.48178333333333334,0.011556967843994665,0.5217463999999999,0.0,3893.2605039831333,36.4273042013722,0.03362155666691251,0.007953482645088616
Combined Dynamic Environment,2000,Proposed Quantum-Inspired,437.8997799999997,5.06462513623866,3813.72393,39.00308282226929,0.8345,0.009023914587514602,0.1655,0.009023914587514599,0.46762479166666665,0.001906615514830837,88.84746439747967,45.93563885900293,0.11182224000416076,0.003168223227535496
Combined Dynamic Environment,2000,Round Robin,438.5720533333329,4.246876968065408,3828.011326666665,38.80153554798077,0.8377166666666667,0.006902877127957462,0.16228333333333333,0.006902877127957467,0.46584555,0.0,38.53982581471876,12.560223593900023,0.03365248999907635,0.013773735727409494
Dynamic Carbon,50,Classical,13.140666666666666,0.921834502812036,45.75544333333333,3.825664203379982,0.958,0.027467849544889553,0.04200000000000002,0.027467849544889556,0.8437,0.004120177431733388,90.90272370471288,6.377072866348684,0.001721883334297066,0.000183261609962916
Dynamic Carbon,50,FCFS,10.831999999999999,0.7715575380247146,95.29658666666667,6.970487145927484,0.8266666666666667,0.03799576503927166,0.17333333333333334,0.037995765039271684,0.619,0.0,6.175813779214852,2.7871609887172895,0.0007363333269798507,0.000333221903785661
Dynamic Carbon,50,GA,13.328000000000001,0.9723005069740892,44.42731666666666,3.2249687375211122,1.0,0.0,0.0,0.0,0.85,0.0,96.18655484699165,7.016974492933744,0.0011795900102394322,9.945109747418757e-05
Dynamic Carbon,50,Max-Min,13.328000000000001,0.9723005069740892,49.549170000000004,3.3081573376198823,1.0,0.0,0.0,0.0,0.85,0.0,96.18655484699165,7.016974492933744,0.0007015633357999226,6.74656068829543e-05
Dynamic Carbon,50,Min-Min,8.885333333333335,0.6482003379827247,78.61754333333333,6.641543550217581,0.5093333333333333,0.07478398009039716,0.4906666666666667,0.07478398009039718,0.7000000000000003,0.0,96.18655484699165,7.016974492933744,0.0007187700054297844,8.682098149737895e-05
Dynamic Carbon,50,Proposed Quantum-Inspired,10.874166666666666,0.8132354319728649,91.17856,8.907308601429696,0.8326666666666667,0.04250219737389109,0.16733333333333336,0.0425021973738911,0.6387,0.02082463726554149,14.748028857837518,6.205863034959857,0.0027397966691448043,0.00027454300012223504
Dynamic Carbon,50,Round Robin,10.831999999999999,0.7715575380247146,95.29658666666667,6.970487145927484,0.8266666666666667,0.03799576503927166,0.17333333333333334,0.037995765039271684,0.619,0.0,6.175813779214852,2.7871609887172895,0.0006415666701893012,7.769531633579177e-05
Dynamic Carbon,100,Classical,24.311999999999994,0.8032483619868034,109.83093666666666,7.258263686760086,0.8463333333333334,0.03478835847029101,0.15366666666666667,0.03478835847029104,0.8037499999999999,0.006709167685673257,129.12094462276363,3.4181301187685307,0.0033416233335932096,0.0003109943043417146
Dynamic Carbon,100,FCFS,21.795333333333335,0.9208634753479394,190.01956000000004,8.746140903223234,0.8253333333333334,0.023596220231117605,0.17466666666666666,0.023596220231117546,0.6249999999999999,0.0,8.35959670314533,3.186119079223952,0.0013695766703070453,0.00015156163092026819
Dynamic Carbon,100,GA,26.824,1.163862771861076,89.32383666666668,3.921881404551626,1.0,0.0,0.0,0.0,0.8499999999999995,0.0,193.5855452592815,8.399456057922174,0.002501503333526974,0.0002517117475926057
Dynamic Carbon,100,Max-Min,26.824,1.163862771861076,99.62006333333333,4.0341556102757945,1.0,0.0,0.0,0.0,0.8499999999999995,0.0,193.5855452592815,8.399456057922174,0.0014410400025856992,0.00010893598815277295
Dynamic Carbon,100,Min-Min,17.882666666666655,0.7759085145740489,158.41384,7.808938372659873,0.511,0.05454198003562847,0.489,0.05454198003562851,0.7000000000000003,0.0,193.5855452592815,8.399456057922174,0.0015130466606933623,0.000191258627058755
Dynamic Carbon,100,Proposed Quantum-Inspired,21.85983333333333,1.0023674418623891,184.73172000000005,11.07002386837909,0.8416666666666667,0.037516279991062745,0.15833333333333333,0.03751627999106275,0.6335999999999999,0.011751302202235971,20.815573639587733,6.554103272909714,0.00543718667080005,0.0005118336367653827
Dynamic Carbon,100,Round Robin,21.795333333333335,0.9208634753479394,190.01956000000004,8.746140903223234,0.8253333333333334,0.023596220231117605,0.17466666666666666,0.023596220231117546,0.6249999999999999,0.0,8.35959670314533,3.186119079223952,0.0013532433387202522,0.00017729691559161911
Dynamic Carbon,250,Classical,53.721999999999994,1.46328786618025,398.3102133333333,19.16581758200556,0.6764,0.03815539912985604,0.3236,0.03815539912985605,0.70144,0.009044167486133892,164.55329812347517,11.063862112676313,0.00824525333979788,0.0004242583465630459
Dynamic Carbon,250,FCFS,54.953499999999984,1.6190163840196656,481.5587100000001,14.550345436576068,0.8368,0.02101953114736801,0.16320000000000004,0.021019531147367966,0.6237999999999999,0.0,12.978574639963934,5.372978399125319,0.0034010700066573916,0.0002369741324047437
Dynamic Carbon,250,GA,67.71599999999997,1.9747328060202096,225.52590999999995,6.526878186991675,1.0,0.0,0.0,0.0,0.8499999999999998,0.0,488.6981353555587,14.25140646416686,0.006072943333613997,0.00030580698278186684
Dynamic Carbon,250,Max-Min,67.71599999999997,1.9747328060202096,251.13545666666678,6.456781885881755,1.0,0.0,0.0,0.0,0.8499999999999998,0.0,488.6981353555587,14.25140646416686,0.0036973699985537677,0.0002710790446062685
Dynamic Carbon,250,Min-Min,45.14399999999994,1.3164885373468056,400.61247666666674,14.031436537380673,0.5165333333333334,0.03700114940743416,0.48346666666666666,0.03700114940743416,0.7,0.0,488.6981353555587,14.25140646416686,0.0036285066647299877,0.00018551654439470907
Dynamic Carbon,250,Proposed Quantum-Inspired,54.96233333333332,1.6601909597960445,472.9741433333334,17.190050538243536,0.8321333333333333,0.02672946628378671,0.1678666666666667,0.026729466283786727,0.62858,0.008959887622447968,32.377065330203216,13.307722956229007,0.013808473335423817,0.0004973104693950669
Dynamic Carbon,250,Round Robin,54.953499999999984,1.6190163840196656,481.5587100000001,14.550345436576068,0.8368,0.02101953114736801,0.16320000000000004,0.021019531147367966,0.6237999999999999,0.0,12.978574639963934,5.372978399125319,0.003357206663349643,0.0002570171919434194
Dynamic Carbon,500,Classical,109.25300000000011,2.952158941146833,899.0153266666669,22.458434236560123,0.6824,0.023034606648438226,0.3176,0.02303460664843823,0.65867,0.012694884932455084,150.50722298414112,16.302197216052196,0.017124966667809834,0.0009076219768727361
Dynamic Carbon,500,FCFS,110.14916666666674,2.5956359540095075,964.2289666666669,22.125274711270887,0.8371333333333334,0.01554245206175505,0.1628666666666667,0.015542452061755066,0.625,0.0,20.985253874028885,7.270360459869709,0.0072782699988844495,0.00041111048418029315
Dynamic Carbon,500,GA,135.67000000000036,3.2276040008351177,452.43858333333327,10.200523014484167,1.0,0.0,0.0,0.0,0.8499999999999998,0.0,979.1138877619566,23.29322548399592,0.012517116665064047,0.0007068796448823164
Dynamic Carbon,500,Max-Min,135.67000000000036,3.2276040008351177,503.3734066666666,10.815690129237145,1.0,0.0,0.0,0.0,0.8499999999999998,0.0,979.1138877619566,23.29322548399592,0.007623956666793674,0.0005971951631951551
Dynamic Carbon,500,Min-Min,90.44666666666653,2.151736000556746,802.1888033333337,21.92828815397555,0.5181333333333333,0.023139357922325143,0.48186666666666667,0.023139357922325167,0.7,0.0,979.1138877619566,23.29322548399592,0.0077566300014344355,0.00044532909801801347
Dynamic Carbon,500,Proposed Quantum-Inspired,109.99516666666673,2.7355272716649894,956.8719500000001,22.825803683124192,0.8337333333333333,0.017162375314529788,0.16626666666666667,0.01716237531452978,0.62624,0.005816540030897607,40.19550821386752,18.561125563064227,0.029573903337586673,0.007219367288271182
Dynamic Carbon,500,Round Robin,110.14916666666674,2.5956359540095075,964.2289666666669,22.125274711270887,0.8371333333333334,0.01554245206175505,0.1628666666666667,0.015542452061755066,0.625,0.0,20.985253874028885,7.270360459869709,0.006921083326839532,0.0003932577490440195
Dynamic Carbon,1000,Classical,236.41500000000138,3.9753201996386096,1636.5285966666665,34.39503041235171,0.8014333333333333,0.015633040459967735,0.19856666666666664,0.015633040459967724,0.7268599999999998,0.0058423601749458135,761.2535867575701,47.865355141572216,0.03342299667419866,0.0010547965079561329
Dynamic Carbon,1000,FCFS,219.56966666666725,3.8065979320243026,1921.3060200000004,32.20873863153863,0.8379,0.010870237760302971,0.16210000000000005,0.010870237760303011,0.6249999999999999,0.0,27.702737342133037,12.441068410411507,0.014332400002361585,0.0007400937803375073
Dynamic Carbon,1000,GA,270.2560000000023,4.609062736646701,902.0643966666671,15.899022425065578,1.0,0.0,0.0,0.0,0.8499999999999998,0.0,1950.404679376394,33.26304514643533,0.02644895666356509,0.007828549379491472
Dynamic Carbon,1000,Max-Min,270.2560000000023,4.609062736646701,1002.5921466666674,15.35739739639653,1.0,0.0,0.0,0.0,0.8499999999999998,0.0,1950.404679376394,33.26304514643533,0.015207633333435904,0.0006281333297086776
Dynamic Carbon,1000,Min-Min,180.1706666666664,3.072708491097755,1598.231169999999,31.735019175659094,0.5173666666666666,0.01715343201476189,0.4826333333333333,0.01715343201476189,0.6999999999999998,0.0,1950.404679376394,33.26304514643533,0.014904829995551457,0.000803732378088515
Dynamic Carbon,1000,Proposed Quantum-Inspired,219.36100000000062,3.9561493817896296,1908.5061200000002,33.72593188437148,0.8336666666666666,0.012728825103117217,0.16633333333333336,0.012728825103117222,0.6276849999999999,0.004093606242540365,61.18565928162012,21.649900810639085,0.05764623999906083,0.010729148873818697
Dynamic Carbon,1000,Round Robin,219.56966666666725,3.8065979320243026,1921.3060200000004,32.20873863153863,0.8379,0.010870237760302971,0.16210000000000005,0.010870237760303011,0.6249999999999999,0.0,27.702737342133037,12.441068410411507,0.015154736659800013,0.007827935433794316
Dynamic Carbon,2000,Classical,492.4953333333436,6.718009754196189,2739.32669,81.84785602776024,0.8711833333333333,0.014767440497614156,0.12881666666666666,0.014767440497614148,0.7767499999999998,0.005801066340739017,2337.641996440709,139.5501339651311,0.06917475666462754,0.003347553988717088
Dynamic Carbon,2000,FCFS,438.39600000000337,4.174378210976479,3829.142233333335,39.67784226491538,0.8377166666666667,0.006902877127957462,0.16228333333333333,0.006902877127957467,0.6249999999999999,0.0,38.53982581471876,12.560223593900023,0.02925262667122297,0.001214510776144575
Dynamic Carbon,2000,GA,539.4660000000096,5.047515332763027,1799.781186666667,18.490595894814415,1.0,0.0,0.0,0.0,0.8499999999999998,0.0,3893.2605039831333,36.4273042013722,0.05385737666316951,0.011535400561006446
Dynamic Carbon,2000,Max-Min,539.4660000000096,5.047515332763027,2002.0119566666644,16.766484409240814,1.0,0.0,0.0,0.0,0.8499999999999998,0.0,3893.2605039831333,36.4273042013722,0.03265830333499859,0.007827947219595134
Dynamic Carbon,2000,Min-Min,359.64399999999944,3.365010221842141,3188.854186666664,34.718946403664184,0.5182166666666667,0.01155696784399466,0.48178333333333334,0.011556967843994665,0.6999999999999998,0.0,3893.2605039831333,36.4273042013722,0.03514566333615221,0.013161815079608851
Dynamic Carbon,2000,Proposed Quantum-Inspired,437.99266666666995,5.013314467896738,3800.3545766666666,40.07456983093964,0.8343333333333334,0.009544210497625697,0.16566666666666666,0.0095442104976257,0.6292425,0.002556129802839754,102.20414091173447,46.123697968663286,0.11543634333453762,0.013282084344356076
Dynamic Carbon,2000,Round Robin,438.39600000000337,4.174378210976479,3829.142233333335,39.67784226491538,0.8377166666666667,0.006902877127957462,0.16228333333333333,0.006902877127957467,0.6249999999999999,0.0,38.53982581471876,12.560223593900023,0.029413073329487817,0.008084193190733812
Dynamic Cost,50,Classical,15.999999999999998,1.1279551226093576,46.233333333333334,3.957736494629169,0.9600000000000001,0.02573070083610708,0.04000000000000002,0.025730700836107078,0.844,0.0038596051254160273,91.08791912340558,6.547517805633943,0.0016466366592794656,0.00015260638267002138
Dynamic Cost,50,FCFS,13.195249999999998,0.9411251405484896,95.44666666666667,7.224371268829212,0.8266666666666667,0.03799576503927166,0.17333333333333334,0.037995765039271684,0.619,0.0,6.175813779214852,2.7871609887172895,0.0007313433374899129,0.00038093153717331195
Dynamic Cost,50,GA,16.203999999999997,1.1806999677280856,44.42666666666667,3.241001689913633,1.0,0.0,0.0,0.0,0.85,0.0,96.18655484699165,7.016974492933744,0.001182023334937791,0.00011592912172218627
Dynamic Cost,50,Max-Min,16.083999999999996,1.254092885522138,44.42666666666667,3.241001689913633,1.0,0.0,0.0,0.0,0.85,0.0,96.18655484699165,7.016974492933744,0.0006992833320206652,7.792584508307218e-05
Dynamic Cost,50,Min-Min,10.793333333333333,0.8335438814476718,88.85333333333334,6.482003379827266,0.5093333333333333,0.07478398009039716,0.4906666666666667,0.07478398009039718,0.7000000000000003,0.0,96.18655484699165,7.016974492933744,0.0007208566647022962,9.841114833252464e-05
Dynamic Cost,50,Proposed Quantum-Inspired,13.238666666666665,1.004635963690446,91.3,9.088150678692596,0.8333333333333334,0.04277715578987533,0.16666666666666666,0.04277715578987532,0.6389,0.02080674625344322,14.88982011083733,6.018069664186706,0.002740049996646121,0.0002510636213125201
Dynamic Cost,50,Round Robin,13.195249999999998,0.9411251405484896,95.44666666666667,7.224371268829212,0.8266666666666667,0.03799576503927166,0.17333333333333334,0.037995765039271684,0.619,0.0,6.175813779214852,2.7871609887172895,0.0006603166655016442,9.96078915864985e-05
Dynamic Cost,100,Classical,29.408083333333316,1.0250850854788913,116.70333333333336,8.352017445042781,0.846,0.03157912885610282,0.154,0.031579128856102805,0.8023999999999999,0.00617754554540206,127.33752255294992,3.574505040774019,0.003748373332200572,0.0007316429521909649
Dynamic Cost,100,FCFS,26.267583333333334,1.1421658726941226,190.28,8.700986864361605,0.8253333333333334,0.023596220231117605,0.17466666666666666,0.023596220231117546,0.6249999999999999,0.0,8.35959670314533,3.186119079223952,0.0015780233312398194,0.0004284908831878051
Dynamic Cost,100,GA,32.344999999999985,1.4395706975009772,89.41333333333336,3.879542572870246,1.0,0.0,0.0,0.0,0.8499999999999995,0.0,193.5855452592815,8.399456057922174,0.0026392233363973596,0.00043800286111108386
Dynamic Cost,100,Max-Min,32.270999999999994,1.5274552874544065,89.41333333333336,3.879542572870246,1.0,0.0,0.0,0.0,0.8499999999999995,0.0,193.5855452592815,8.399456057922174,0.001625659993927305,0.0004314014357376913
Dynamic Cost,100,Min-Min,21.578666666666656,1.0185985413821015,178.8266666666667,7.759085145740492,0.511,0.05454198003562847,0.489,0.05454198003562851,0.7000000000000003,0.0,193.5855452592815,8.399456057922174,0.001687389996368438,0.00044510505864089753
Dynamic Cost,100,Proposed Quantum-Inspired,26.359166666666667,1.2346667031292669,185.30999999999997,10.162519033362155,0.8420000000000001,0.03781989988863278,0.158,0.03781989988863278,0.6336999999999999,0.011826766835999734,20.935282400724148,6.80718060037591,0.006288473333309715,0.0011095054865301673
Dynamic Cost,100,Round Robin,26.267583333333334,1.1421658726941226,190.28,8.700986864361605,0.8253333333333334,0.023596220231117605,0.17466666666666666,0.023596220231117546,0.6249999999999999,0.0,8.35959670314533,3.186119079223952,0.0014812533433238666,0.0002754209420498302
Dynamic Cost,250,Classical,63.51924999999998,1.8279507498741618,424.15,19.610197030785017,0.6864,0.03274309613991298,0.3136,0.032743096139913,0.6926399999999998,0.008731773134304727,150.55513959078888,12.821719562903082,0.008428643327594425,0.0006946262259773827
Dynamic Cost,250,FCFS,66.129,2.035087645320944,481.8299999999999,14.186787199168215,0.8368,0.02101953114736801,0.16320000000000004,0.021019531147367966,0.6237999999999999,0.0,12.978574639963934,5.372978399125319,0.0033455999956155816,0.00041136275891298516
Dynamic Cost,250,GA,81.47400000000015,2.490634318872376,225.71999999999989,6.582442686734029,1.0,0.0,0.0,0.0,0.8499999999999998,0.0,488.6981353555587,14.25140646416686,0.006079096669175972,0.0006431032859315973
Dynamic Cost,250,Max-Min,81.35500000000019,2.5683185832033537,225.71999999999989,6.582442686734029,1.0,0.0,0.0,0.0,0.8499999999999998,0.0,488.6981353555587,14.25140646416686,0.0033797300052052985,0.00023657636244053001
Dynamic Cost,250,Min-Min,54.299333333333294,1.7092969583878763,451.43999999999977,13.164885373468058,0.5165333333333334,0.03700114940743416,0.48346666666666666,0.03700114940743416,0.7,0.0,488.6981353555587,14.25140646416686,0.0035156766728808484,0.00040842647012471464
Dynamic Cost,250,Proposed Quantum-Inspired,66.08291666666666,2.1231698085455974,474.1866666666666,17.11423552108779,0.8321333333333333,0.026605331761902877,0.1678666666666667,0.026605331761902887,0.62862,0.00901926673370915,32.20776889753179,13.159877212632708,0.015103443327825516,0.008244970043343852
Dynamic Cost,250,Round Robin,66.129,2.035087645320944,481.8299999999999,14.186787199168215,0.8368,0.02101953114736801,0.16320000000000004,0.021019531147367966,0.6237999999999999,0.0,12.978574639963934,5.372978399125319,0.00313990666763857,0.0003419055194474362
Dynamic Cost,500,Classical,126.31958333333341,3.1139364905138978,994.4600000000002,23.67507928836448,0.6679333333333334,0.017845956430506616,0.3320666666666667,0.01784595643050661,0.61608,0.0057581965567533935,159.92537643463731,11.947488074164191,0.017149149999022485,0.000982914454908087
Dynamic Cost,500,FCFS,132.2352500000002,3.2337273885217566,964.036666666667,23.629868348362052,0.8371333333333334,0.01554245206175505,0.1628666666666667,0.015542452061755066,0.625,0.0,20.985253874028885,7.270360459869709,0.006992446668058013,0.00038985402572152417
Dynamic Cost,500,GA,162.90300000000062,3.981277866247937,452.23333333333295,10.7586800027837,1.0,0.0,0.0,0.0,0.8499999999999998,0.0,979.1138877619566,23.29322548399592,0.01238882666414914,0.0007915784303346991
Dynamic Cost,500,Max-Min,162.87800000000033,4.181203753416724,452.23333333333295,10.7586800027837,1.0,0.0,0.0,0.0,0.8499999999999998,0.0,979.1138877619566,23.29322548399592,0.007295543329867845,0.0004194806707258094
Dynamic Cost,500,Min-Min,108.64599999999976,2.785361488333149,904.4666666666659,21.5173600055674,0.5181333333333333,0.023139357922325143,0.48186666666666667,0.023139357922325167,0.7,0.0,979.1138877619566,23.29322548399592,0.00887711332955708,0.007678951838920485
Dynamic Cost,500,Proposed Quantum-Inspired,132.0745833333335,3.398014955730446,958.1633333333335,24.331453792943787,0.8336666666666666,0.01702803638087802,0.16633333333333333,0.01702803638087802,0.62623,0.005814200807891191,39.89132292123347,18.46364850541717,0.02748350999318063,0.0013521701104693225
Dynamic Cost,500,Round Robin,132.2352500000002,3.2337273885217566,964.036666666667,23.629868348362052,0.8371333333333334,0.01554245206175505,0.1628666666666667,0.015542452061755066,0.625,0.0,20.985253874028885,7.270360459869709,0.006740353341835241,0.0005325272035908827
Dynamic Cost,1000,Classical,281.74316666666874,5.7912227333378095,1492.0800000000029,48.07357435976773,0.8029666666666666,0.020342724418858132,0.1970333333333333,0.020342724418858166,0.7244849999999998,0.007936538700952959,747.3207536938182,64.33133734012627,0.03638968999730423,0.0076888190156848245
Dynamic Cost,1000,FCFS,263.63800000000066,4.847930388498202,1917.7466666666676,31.4650187080643,0.8379,0.010870237760302971,0.16210000000000005,0.010870237760303011,0.6249999999999999,0.0,27.702737342133037,12.441068410411507,0.015700303326593713,0.008397823631815647
Dynamic Cost,1000,GA,324.48100000000323,5.8767398597616705,900.8533333333352,15.363542455488773,1.0,0.0,0.0,0.0,0.8499999999999998,0.0,1950.404679376394,33.26304514643533,0.025607746662960076,0.0014437702868435552
Dynamic Cost,1000,Max-Min,324.3510000000017,5.917785786989093,900.8533333333352,15.363542455488773,1.0,0.0,0.0,0.0,0.8499999999999998,0.0,1950.404679376394,33.26304514643533,0.015151043333268414,0.001217870881185166
Dynamic Cost,1000,Min-Min,216.29400000000163,3.9451905246594454,1801.7066666666703,30.727084910977545,0.5173666666666666,0.01715343201476189,0.4826333333333333,0.01715343201476189,0.6999999999999998,0.0,1950.404679376394,33.26304514643533,0.015114903333596885,0.0009845769656019038
Dynamic Cost,1000,Proposed Quantum-Inspired,263.22725000000054,4.969621219434688,1904.0966666666675,31.968243761510866,0.8336333333333333,0.012812933480191626,0.1663666666666667,0.012812933480191649,0.6275999999999999,0.004111002898026947,61.18732331773676,21.9864526911949,0.057695326670849076,0.008193794370292882
Dynamic Cost,1000,Round Robin,263.63800000000066,4.847930388498202,1917.7466666666676,31.4650187080643,0.8379,0.010870237760302971,0.16210000000000005,0.010870237760303011,0.6249999999999999,0.0,27.702737342133037,12.441068410411507,0.013880573335336521,0.001074085714583135
Dynamic Cost,2000,Classical,612.4864999999965,6.39629191474362,2389.4466666666635,47.119815974503155,0.9014833333333333,0.010171362209429099,0.09851666666666666,0.010171362209429095,0.7872424999999998,0.003968269350476502,2671.5872746863365,94.47150172754206,0.07265148666144038,0.012851380106276778
Dynamic Cost,2000,FCFS,525.8926666666684,5.089673577591655,3824.619999999995,37.97291593791031,0.8377166666666667,0.006902877127957462,0.16228333333333333,0.006902877127957467,0.6249999999999999,0.0,38.53982581471876,12.560223593900023,0.029158649997164807,0.0034416412108841704
Dynamic Cost,2000,GA,647.1149999999932,6.16676227015006,1798.220000000007,16.8250511092108,1.0,0.0,0.0,0.0,0.8499999999999998,0.0,3893.2605039831333,36.4273042013722,0.055611526667295644,0.01296122876503764
Dynamic Cost,2000,Max-Min,647.2710000000008,6.360049528109068,1798.220000000007,16.8250511092108,1.0,0.0,0.0,0.0,0.8499999999999998,0.0,3893.2605039831333,36.4273042013722,0.03406991666221681,0.01248127319484047
Dynamic Cost,2000,Min-Min,431.5740000000033,4.240033018739303,3596.440000000014,33.6501022184216,0.5182166666666667,0.01155696784399466,0.48178333333333334,0.011556967843994665,0.6999999999999998,0.0,3893.2605039831333,36.4273042013722,0.032197423331672324,0.008548077645604578
Dynamic Cost,2000,Proposed Quantum-Inspired,525.3805000000017,6.167983532895033,3792.9666666666617,38.99958738361059,0.83425,0.009511109656425576,0.16575,0.009511109656425576,0.6291475,0.002570164945062388,101.98599068319312,46.38939148608536,0.11576677333408346,0.015337913008113949
Dynamic Cost,2000,Round Robin,525.8926666666684,5.089673577591655,3824.619999999995,37.97291593791031,0.8377166666666667,0.006902877127957462,0.16228333333333333,0.006902877127957467,0.6249999999999999,0.0,38.53982581471876,12.560223593900023,0.030670289999883003,0.01072801213572596
Dynamic Renewable Availability,50,Classical,13.002666666666666,0.9383585570607845,47.68,4.026327153228811,0.928,0.030894704378269893,0.07200000000000001,0.030894704378269883,0.5723048,0.00316391902769225,87.12015421402425,7.1096386535536125,0.001686556670271481,0.0002902240491117235
Dynamic Renewable Availability,50,FCFS,10.831999999999999,0.7715575380247146,95.44666666666667,7.224371268829212,0.8266666666666667,0.03799576503927166,0.17333333333333334,0.037995765039271684,0.42009,0.0,6.175813779214852,2.7871609887172895,0.000729246666499724,0.0003197385103603802
Dynamic Renewable Availability,50,GA,13.328000000000001,0.9723005069740892,44.42666666666667,3.241001689913633,1.0,0.0,0.0,0.0,0.579528,0.0,96.18655484699165,7.016974492933744,0.0011851800023578106,9.509341150791004e-05
Dynamic Renewable Availability,50,Max-Min,13.328000000000001,0.9723005069740892,44.42666666666667,3.241001689913633,1.0,0.0,0.0,0.0,0.5795279999999999,8.500328146796314e-17,96.18655484699165,7.016974492933744,0.000700923342568179,5.674942666731558e-05
Dynamic Renewable Availability,50,Min-Min,8.885333333333335,0.6482003379827247,88.85333333333334,6.482003379827266,0.5093333333333333,0.07478398009039716,0.4906666666666667,0.07478398009039718,0.47726,4.8349565501892035e-17,96.18655484699165,7.016974492933744,0.0007103100011590868,6.204843899584404e-05
Dynamic Renewable Availability,50,Proposed Quantum-Inspired,10.872499999999999,0.8108528396609376,91.61666666666666,9.173916673179276,0.8326666666666667,0.04118363696934728,0.16733333333333336,0.041183636969347286,0.4348009333333333,0.015246124470655237,14.871527177025529,5.987430462312301,0.002762119999776284,0.00025851957089681465
Dynamic Renewable Availability,50,Round Robin,10.831999999999999,0.7715575380247146,95.44666666666667,7.224371268829212,0.8266666666666667,0.03799576503927166,0.17333333333333334,0.037995765039271684,0.42009,0.0,6.175813779214852,2.7871609887172895,0.0006555866644096871,6.82329816169203e-05
Dynamic Renewable Availability,100,Classical,22.988999999999994,0.7804158926606004,133.47333333333336,9.665685245463353,0.7676666666666667,0.04040171841116059,0.23233333333333334,0.040401718411160595,0.5248177666666666,0.004875307874864155,98.66011215887103,5.454650227320069,0.0034778066794387994,0.0004815687236703738
Dynamic Renewable Availability,100,FCFS,21.795333333333335,0.9208634753479394,190.28,8.700986864361605,0.8253333333333334,0.023596220231117605,0.17466666666666666,0.023596220231117546,0.42604099999999995,0.0,8.35959670314533,3.186119079223952,0.0013629199917583417,0.00015773695886674472
Dynamic Renewable Availability,100,GA,26.824,1.163862771861076,89.41333333333336,3.879542572870246,1.0,0.0,0.0,0.0,0.57946,0.0,193.5855452592815,8.399456057922174,0.00244185666864117,0.0002048807563176367
Dynamic Renewable Availability,100,Max-Min,26.824,1.163862771861076,89.41333333333336,3.879542572870246,1.0,0.0,0.0,0.0,0.57946,8.986447290752814e-17,193.5855452592815,8.399456057922174,0.0014516633314390977,0.0001486145474191274
Dynamic Renewable Availability,100,Min-Min,17.882666666666655,0.7759085145740489,178.8266666666667,7.759085145740492,0.511,0.05454198003562847,0.489,0.05454198003562851,0.4772,5.454566625490348e-17,193.5855452592815,8.399456057922174,0.0014473566707844535,0.00015548885633901588
Dynamic Renewable Availability,100,Proposed Quantum-Inspired,21.853166666666663,1.005569390370738,185.97666666666663,10.282079600914402,0.8420000000000001,0.03661542919552376,0.158,0.036615429195523755,0.4307937,0.007610759458003283,20.47752627179493,6.715916589915729,0.005537076665010924,0.0003023133660720229
Dynamic Renewable Availability,100,Round Robin,21.795333333333335,0.9208634753479394,190.28,8.700986864361605,0.8253333333333334,0.023596220231117605,0.17466666666666666,0.023596220231117546,0.42604099999999995,0.0,8.35959670314533,3.186119079223952,0.0013448433368466795,0.00018991777081660215
Dynamic Renewable Availability,250,Classical,53.938166666666675,1.530381676155539,465.7433333333333,17.014571510272063,0.6788000000000001,0.032600401943788215,0.3212,0.03260040194378822,0.4476780133333333,0.003052399929477019,67.40441632306919,7.552893495304383,0.008415026663957785,0.0006634691143429746
Dynamic Renewable Availability,250,FCFS,54.953499999999984,1.6190163840196656,481.8299999999999,14.186787199168215,0.8368,0.02101953114736801,0.16320000000000004,0.021019531147367966,0.42485720000000005,0.0,12.978574639963934,5.372978399125319,0.003489596660559376,0.0004602051947304058
Dynamic Renewable Availability,250,GA,67.71599999999997,1.9747328060202096,225.71999999999989,6.582442686734029,1.0,0.0,0.0,0.0,0.5794416000000001,0.0,488.6981353555587,14.25140646416686,0.006188076666633909,0.0005462302872263589
Dynamic Renewable Availability,250,Max-Min,67.71599999999997,1.9747328060202096,225.71999999999989,6.582442686734029,1.0,0.0,0.0,0.0,0.5794415999999999,5.831177001690448e-17,488.6981353555587,14.25140646416686,0.0038250366613889735,0.0007515015850752785
Dynamic Renewable Availability,250,Min-Min,45.14399999999994,1.3164885373468056,451.43999999999977,13.164885373468058,0.5165333333333334,0.03700114940743416,0.48346666666666666,0.03700114940743416,0.47718720000000003,4.493223645376407e-17,488.6981353555587,14.25140646416686,0.0038051866674019643,0.00041344029640527093
Dynamic Renewable Availability,250,Proposed Quantum-Inspired,54.926333333333325,1.6260020429501831,475.8666666666666,17.12621167791582,0.8328,0.025631876705545304,0.1672,0.025631876705545287,0.42787011999999996,0.005829632262513469,31.050258930275838,13.162698878066271,0.013890889989367376,0.0009690776080431045
Dynamic Renewable Availability,250,Round Robin,54.953499999999984,1.6190163840196656,481.8299999999999,14.186787199168215,0.8368,0.02101953114736801,0.16320000000000004,0.021019531147367966,0.42485720000000005,0.0,12.978574639963934,5.372978399125319,0.0034023366674470405,0.00031876501889889296
Dynamic Renewable Availability,500,Classical,105.6091666666667,2.4947258447031353,1018.9366666666667,25.205547874984948,0.6512666666666667,0.01863243988563909,0.34873333333333334,0.01863243988563908,0.42255407333333334,0.002292655107968024,167.55525910204642,9.443784522988869,0.017054943336794772,0.0014041501250365057
Dynamic Renewable Availability,500,FCFS,110.14916666666674,2.5956359540095075,964.036666666667,23.629868348362052,0.8371333333333334,0.01554245206175505,0.1628666666666667,0.015542452061755066,0.42605459999999995,0.0,20.985253874028885,7.270360459869709,0.008524593332549558,0.007219574689212922
Dynamic Renewable Availability,500,GA,135.67000000000036,3.2276040008351177,452.23333333333295,10.7586800027837,1.0,0.0,0.0,0.0,0.579436,0.0,979.1138877619566,23.29322548399592,0.012715103339481478,0.0010979036801813283
Dynamic Renewable Availability,500,Max-Min,135.67000000000036,3.2276040008351177,452.23333333333295,10.7586800027837,1.0,0.0,0.0,0.0,0.579436,9.219900382466669e-17,979.1138877619566,23.29322548399592,0.007390586663192759,0.0005734144849505444
Dynamic Renewable Availability,500,Min-Min,90.44666666666653,2.151736000556746,904.4666666666659,21.5173600055674,0.5181333333333333,0.023139357922325143,0.48186666666666667,0.023139357922325167,0.4771844,5.2561519189753194e-17,979.1138877619566,23.29322548399592,0.007500396663090214,0.0004717518992339912
Dynamic Renewable Availability,500,Proposed Quantum-Inspired,109.98033333333339,2.7606751839476327,961.2600000000001,24.40724313070562,0.8344,0.01686784331000953,0.16560000000000002,0.016867843310009553,0.4260781,0.004038908582431811,39.93231833184645,16.80887602072436,0.02779093333519995,0.0015204624152663695
Dynamic Renewable Availability,500,Round Robin,110.14916666666674,2.5956359540095075,964.036666666667,23.629868348362052,0.8371333333333334,0.01554245206175505,0.1628666666666667,0.015542452061755066,0.42605459999999995,0.0,20.985253874028885,7.270360459869709,0.0068493833396739015,0.0005111581540510062
Dynamic Renewable Availability,1000,Classical,208.57750000000033,3.882361472538163,1859.823333333337,55.20084134374662,0.6583666666666667,0.020201541991901873,0.3416333333333333,0.02020154199190188,0.45687645666666665,0.0057728566265598654,528.8758572711856,92.26446300418245,0.03559715333588732,0.007347025378333285
Dynamic Renewable Availability,1000,FCFS,219.56966666666725,3.8065979320243026,1917.7466666666676,31.4650187080643,0.8379,0.010870237760302971,0.16210000000000005,0.010870237760303011,0.4260562,0.0,27.702737342133037,12.441068410411507,0.01628745999963333,0.007447292740372206
Dynamic Renewable Availability,1000,GA,270.2560000000023,4.609062736646701,900.8533333333352,15.363542455488773,1.0,0.0,0.0,0.0,0.5794366,0.0,1950.404679376394,33.26304514643533,0.025441036666355405,0.001617608646557417
Dynamic Renewable Availability,1000,Max-Min,270.2560000000023,4.609062736646701,900.8533333333352,15.363542455488773,1.0,0.0,0.0,0.0,0.5794366,2.0616324000971782e-17,1950.404679376394,33.26304514643533,0.018821726665676882,0.010569534725249468
Dynamic Renewable Availability,1000,Min-Min,180.1706666666664,3.072708491097755,1801.7066666666703,30.727084910977545,0.5173666666666666,0.01715343201476189,0.4826333333333333,0.01715343201476189,0.47718420000000006,2.915588500845224e-17,1950.404679376394,33.26304514643533,0.015685263332367565,0.0007193168404950833
Dynamic Renewable Availability,1000,Proposed Quantum-Inspired,219.2710000000006,3.9724365839863527,1911.513333333334,31.38345416620478,0.8343666666666666,0.012507882572073557,0.16563333333333338,0.012507882572073562,0.4271497866666667,0.0026191514548159246,55.81388462932755,21.948751812380948,0.05794572667218745,0.003823477546276945
Dynamic Renewable Availability,1000,Round Robin,219.56966666666725,3.8065979320243026,1917.7466666666676,31.4650187080643,0.8379,0.010870237760302971,0.16210000000000005,0.010870237760303011,0.4260562,0.0,27.702737342133037,12.441068410411507,0.014023210003506393,0.0007546134603376588
Dynamic Renewable Availability,2000,Classical,438.7018333333393,21.31731397177786,3174.8366666666607,246.56628888819063,0.7313166666666666,0.05202129592662083,0.26868333333333333,0.05202129592662084,0.4896061783333333,0.01256443093704085,1539.8249916222514,176.82344767338896,0.07417590333304057,0.01489819348330155
Dynamic Renewable Availability,2000,FCFS,438.39600000000337,4.174378210976479,3824.619999999995,37.97291593791031,0.8377166666666667,0.006902877127957462,0.16228333333333333,0.006902877127957467,0.42605600000000005,0.0,38.53982581471876,12.560223593900023,0.031226693330487856,0.00887859269864848
Dynamic Renewable Availability,2000,GA,539.4660000000096,5.047515332763027,1798.220000000007,16.8250511092108,1.0,0.0,0.0,0.0,0.5794357,0.0,3893.2605039831333,36.4273042013722,0.053311223338823766,0.008214336470694077
Dynamic Renewable Availability,2000,Max-Min,539.4660000000096,5.047515332763027,1798.220000000007,16.8250511092108,1.0,0.0,0.0,0.0,0.5794357,0.0,3893.2605039831333,36.4273042013722,0.03425825999584049,0.01082017767840381
Dynamic Renewable Availability,2000,Min-Min,359.64399999999944,3.365010221842141,3596.440000000014,33.6501022184216,0.5182166666666667,0.01155696784399466,0.48178333333333334,0.011556967843994665,0.47718489999999997,2.5249737087137515e-17,3893.2605039831333,36.4273042013722,0.03272945666491675,0.007615917392121061
Dynamic Renewable Availability,2000,Proposed Quantum-Inspired,437.6520000000033,4.9825993077980115,3809.1799999999953,39.02527386194686,0.8345333333333333,0.008774898892563535,0.16546666666666668,0.00877489889256354,0.4275985116666667,0.0017572473474984183,87.55214248626486,43.453396709397175,0.11444838666551126,0.0074369541714499115
Dynamic Renewable Availability,2000,Round Robin,438.39600000000337,4.174378210976479,3824.619999999995,37.97291593791031,0.8377166666666667,0.006902877127957462,0.16228333333333333,0.006902877127957467,0.42605600000000005,0.0,38.53982581471876,12.560223593900023,0.03257325333543122,0.012980098443707554
Static Environment,50,Classical,13.147333333333334,0.9288106348456078,46.233333333333334,3.957736494629169,0.9600000000000001,0.02573070083610708,0.04000000000000002,0.025730700836107078,0.844,0.0038596051254160273,91.08791912340558,6.547517805633943,0.0020274066754306357,0.00048736331737839347
Static Environment,50,FCFS,10.831999999999999,0.7715575380247146,95.44666666666667,7.224371268829212,0.8266666666666667,0.03799576503927166,0.17333333333333334,0.037995765039271684,0.619,0.0,6.175813779214852,2.7871609887172895,0.0008065900008659809,0.00020045914665204638
Static Environment,50,GA,13.328000000000001,0.9723005069740892,44.42666666666667,3.241001689913633,1.0,0.0,0.0,0.0,0.85,0.0,96.18655484699165,7.016974492933744,0.0013596900059686353,0.0003031824728288097
Static Environment,50,Max-Min,13.328000000000001,0.9723005069740892,44.42666666666667,3.241001689913633,1.0,0.0,0.0,0.0,0.85,0.0,96.18655484699165,7.016974492933744,0.0008324833315176268,0.00021989725300867552
Static Environment,50,Min-Min,8.885333333333335,0.6482003379827247,88.85333333333334,6.482003379827266,0.5093333333333333,0.07478398009039716,0.4906666666666667,0.07478398009039718,0.7000000000000003,0.0,96.18655484699165,7.016974492933744,0.0008826066681649536,0.00023886649948257437
Static Environment,50,Proposed Quantum-Inspired,10.877666666666665,0.8135763251113005,91.3,9.088150678692596,0.8333333333333334,0.04277715578987533,0.16666666666666666,0.04277715578987532,0.6389,0.02080674625344322,14.88982011083733,6.018069664186706,0.003349390007012213,0.0009254043862857624
Static Environment,50,Round Robin,10.831999999999999,0.7715575380247146,95.44666666666667,7.224371268829212,0.8266666666666667,0.03799576503927166,0.17333333333333334,0.037995765039271684,0.619,0.0,6.175813779214852,2.7871609887172895,0.0007567833332965771,0.00019498661699313453
Static Environment,100,Classical,24.234499999999993,0.8061897932612527,116.70333333333336,8.352017445042781,0.846,0.03157912885610282,0.154,0.031579128856102805,0.8023999999999999,0.00617754554540206,127.33752255294992,3.574505040774019,0.003699846666616698,0.0007261655159228301
Static Environment,100,FCFS,21.795333333333335,0.9208634753479394,190.28,8.700986864361605,0.8253333333333334,0.023596220231117605,0.17466666666666666,0.023596220231117546,0.6249999999999999,0.0,8.35959670314533,3.186119079223952,0.0014765900055256982,0.00031195314449392823
Static Environment,100,GA,26.824,1.163862771861076,89.41333333333336,3.879542572870246,1.0,0.0,0.0,0.0,0.8499999999999995,0.0,193.5855452592815,8.399456057922174,0.002683409999978418,0.00040224051473039703
Static Environment,100,Max-Min,26.824,1.163862771861076,89.41333333333336,3.879542572870246,1.0,0.0,0.0,0.0,0.8499999999999995,0.0,193.5855452592815,8.399456057922174,0.001543863336943711,0.0003605465024422964
Static Environment,100,Min-Min,17.882666666666655,0.7759085145740489,178.8266666666667,7.759085145740492,0.511,0.05454198003562847,0.489,0.05454198003562851,0.7000000000000003,0.0,193.5855452592815,8.399456057922174,0.0015195266673496614,0.0002900932625720565
Static Environment,100,Proposed Quantum-Inspired,21.862833333333334,1.004627811793944,185.30999999999997,10.162519033362155,0.8420000000000001,0.03781989988863278,0.158,0.03781989988863278,0.6336999999999999,0.011826766835999734,20.935282400724148,6.80718060037591,0.005850976658985018,0.0006116189680686206
Static Environment,100,Round Robin,21.795333333333335,0.9208634753479394,190.28,8.700986864361605,0.8253333333333334,0.023596220231117605,0.17466666666666666,0.023596220231117546,0.6249999999999999,0.0,8.35959670314533,3.186119079223952,0.0014134199901794395,0.00024372023371621246
Static Environment,250,Classical,53.6475,1.4891606927949481,424.15,19.610197030785017,0.6864,0.03274309613991298,0.3136,0.032743096139913,0.6926399999999998,0.008731773134304727,150.55513959078888,12.821719562903082,0.008716196658012147,0.0009871666585018286
Static Environment,250,FCFS,54.953499999999984,1.6190163840196656,481.8299999999999,14.186787199168215,0.8368,0.02101953114736801,0.16320000000000004,0.021019531147367966,0.6237999999999999,0.0,12.978574639963934,5.372978399125319,0.003502323334881415,0.0004766688630953013
Static Environment,250,GA,67.71599999999997,1.9747328060202096,225.71999999999989,6.582442686734029,1.0,0.0,0.0,0.0,0.8499999999999998,0.0,488.6981353555587,14.25140646416686,0.006359769999592876,0.0006275876584481776
Static Environment,250,Max-Min,67.71599999999997,1.9747328060202096,225.71999999999989,6.582442686734029,1.0,0.0,0.0,0.0,0.8499999999999998,0.0,488.6981353555587,14.25140646416686,0.0037455466653530797,0.0006144632250928589
Static Environment,250,Min-Min,45.14399999999994,1.3164885373468056,451.43999999999977,13.164885373468058,0.5165333333333334,0.03700114940743416,0.48346666666666666,0.03700114940743416,0.7,0.0,488.6981353555587,14.25140646416686,0.0037858433284175892,0.0005935571475986963
Static Environment,250,Proposed Quantum-Inspired,54.963333333333324,1.6429716209132907,474.1866666666666,17.11423552108779,0.8321333333333333,0.026605331761902877,0.1678666666666667,0.026605331761902887,0.62862,0.00901926673370915,32.20776889753179,13.159877212632708,0.0156704000022728,0.007974472870290837
Static Environment,250,Round Robin,54.953499999999984,1.6190163840196656,481.8299999999999,14.186787199168215,0.8368,0.02101953114736801,0.16320000000000004,0.021019531147367966,0.6237999999999999,0.0,12.978574639963934,5.372978399125319,0.003352400000828008,0.00045098768479662237
Static Environment,500,Classical,105.86833333333335,2.5184451735056506,994.4600000000002,23.67507928836448,0.6679333333333334,0.017845956430506616,0.3320666666666667,0.01784595643050661,0.61608,0.0057581965567533935,159.92537643463731,11.947488074164191,0.01669682333789145,0.0008319783979800665
Static Environment,500,FCFS,110.14916666666674,2.5956359540095075,964.036666666667,23.629868348362052,0.8371333333333334,0.01554245206175505,0.1628666666666667,0.015542452061755066,0.625,0.0,20.985253874028885,7.270360459869709,0.006898826669203118,0.0003977554581311966
Static Environment,500,GA,135.67000000000036,3.2276040008351177,452.23333333333295,10.7586800027837,1.0,0.0,0.0,0.0,0.8499999999999998,0.0,979.1138877619566,23.29322548399592,0.012284410009548689,0.0006442557233268548
Static Environment,500,Max-Min,135.67000000000036,3.2276040008351177,452.23333333333295,10.7586800027837,1.0,0.0,0.0,0.0,0.8499999999999998,0.0,979.1138877619566,23.29322548399592,0.007364940003026277,0.0006902410851669031
Static Environment,500,Min-Min,90.44666666666653,2.151736000556746,904.4666666666659,21.5173600055674,0.5181333333333333,0.023139357922325143,0.48186666666666667,0.023139357922325167,0.7,0.0,979.1138877619566,23.29322548399592,0.007324676667728151,0.00045054773906712736
Static Environment,500,Proposed Quantum-Inspired,109.99850000000006,2.7282421870197675,958.1633333333335,24.331453792943787,0.8336666666666666,0.01702803638087802,0.16633333333333333,0.01702803638087802,0.62623,0.005814200807891191,39.89132292123347,18.46364850541717,0.027602790005039422,0.0012261864173309057
Static Environment,500,Round Robin,110.14916666666674,2.5956359540095075,964.036666666667,23.629868348362052,0.8371333333333334,0.01554245206175505,0.1628666666666667,0.015542452061755066,0.625,0.0,20.985253874028885,7.270360459869709,0.0065755266599201905,0.000338972634813063
Static Environment,1000,Classical,236.01933333333469,4.491249103061088,1492.0800000000029,48.07357435976773,0.8029666666666666,0.020342724418858132,0.1970333333333333,0.020342724418858166,0.7244849999999998,0.007936538700952959,747.3207536938182,64.33133734012627,0.03431852666544728,0.002037978075004151
Static Environment,1000,FCFS,219.56966666666725,3.8065979320243026,1917.7466666666676,31.4650187080643,0.8379,0.010870237760302971,0.16210000000000005,0.010870237760303011,0.6249999999999999,0.0,27.702737342133037,12.441068410411507,0.015216010001798471,0.007442193271186431
Static Environment,1000,GA,270.2560000000023,4.609062736646701,900.8533333333352,15.363542455488773,1.0,0.0,0.0,0.0,0.8499999999999998,0.0,1950.404679376394,33.26304514643533,0.02553039000291998,0.0023401748222908704
Static Environment,1000,Max-Min,270.2560000000023,4.609062736646701,900.8533333333352,15.363542455488773,1.0,0.0,0.0,0.0,0.8499999999999998,0.0,1950.404679376394,33.26304514643533,0.0161672966768189,0.007368427645701201
Static Environment,1000,Min-Min,180.1706666666664,3.072708491097755,1801.7066666666703,30.727084910977545,0.5173666666666666,0.01715343201476189,0.4826333333333333,0.01715343201476189,0.6999999999999998,0.0,1950.404679376394,33.26304514643533,0.015195216661474357,0.0012899899320932089
Static Environment,1000,Proposed Quantum-Inspired,219.33716666666726,3.9437697883723133,1904.0966666666675,31.968243761510866,0.8336333333333333,0.012812933480191626,0.1663666666666667,0.012812933480191649,0.6275999999999999,0.004111002898026947,61.18732331773676,21.9864526911949,0.05810670999926515,0.011518873693156918
Static Environment,1000,Round Robin,219.56966666666725,3.8065979320243026,1917.7466666666676,31.4650187080643,0.8379,0.010870237760302971,0.16210000000000005,0.010870237760303011,0.6249999999999999,0.0,27.702737342133037,12.441068410411507,0.013989126670639961,0.0015278760816408933
Static Environment,2000,Classical,505.22933333334436,5.287716529084609,2389.4466666666635,47.119815974503155,0.9014833333333333,0.010171362209429099,0.09851666666666666,0.010171362209429095,0.7872424999999998,0.003968269350476502,2671.5872746863365,94.47150172754206,0.07097672999176817,0.011032509143892718
Static Environment,2000,FCFS,438.39600000000337,4.174378210976479,3824.619999999995,37.97291593791031,0.8377166666666667,0.006902877127957462,0.16228333333333333,0.006902877127957467,0.6249999999999999,0.0,38.53982581471876,12.560223593900023,0.028405313339317218,0.001495028679255826
Static Environment,2000,GA,539.4660000000096,5.047515332763027,1798.220000000007,16.8250511092108,1.0,0.0,0.0,0.0,0.8499999999999998,0.0,3893.2605039831333,36.4273042013722,0.05126113999479761,0.008231846160793834
Static Environment,2000,Max-Min,539.4660000000096,5.047515332763027,1798.220000000007,16.8250511092108,1.0,0.0,0.0,0.0,0.8499999999999998,0.0,3893.2605039831333,36.4273042013722,0.03618265333158585,0.014473789879583268
Static Environment,2000,Min-Min,359.64399999999944,3.365010221842141,3596.440000000014,33.6501022184216,0.5182166666666667,0.01155696784399466,0.48178333333333334,0.011556967843994665,0.6999999999999998,0.0,3893.2605039831333,36.4273042013722,0.03161768667826739,0.007879058648152897
Static Environment,2000,Proposed Quantum-Inspired,437.96033333333656,5.0141907129413115,3792.9666666666617,38.99958738361059,0.83425,0.009511109656425576,0.16575,0.009511109656425576,0.6291475,0.002570164945062388,101.98599068319312,46.38939148608536,0.11286189999858227,0.012563648932989368
Static Environment,2000,Round Robin,438.39600000000337,4.174378210976479,3824.619999999995,37.97291593791031,0.8377166666666667,0.006902877127957462,0.16228333333333333,0.006902877127957467,0.6249999999999999,0.0,38.53982581471876,12.560223593900023,0.030298076659285775,0.010696980419150954
