Scenario,TaskCount,Algorithm,Cost_mean,Cost_std,Carbon_mean,Carbon_std,SLA_mean,SLA_std,Renewable_mean,Renewable_std,Latency_mean,Latency_std,LoadCV_mean,LoadCV_std,Runtime_mean,Runtime_std
Normal,50,FCFS,10.830666666666668,0.7622463876959711,77.81499999999998,6.2900470321506115,0.8266666666666667,0.03735713526965839,0.632,0.0,21.200000000000003,3.552713678800501e-15,0.112141120017922,0.053350027618579654,0.000424516658919553,4.232022445751555e-05
Normal,50,Round Robin,10.830666666666668,0.7622463876959711,77.81499999999998,6.2900470321506115,0.8266666666666667,0.03735713526965839,0.632,0.0,21.200000000000003,3.552713678800501e-15,0.112141120017922,0.053350027618579654,0.0004118866636417806,5.483018072334548e-05
Normal,50,Min-Min,10.828666666666667,0.7744104567705398,77.65833333333332,5.6331619796424235,0.8346666666666668,0.04287449384216939,0.632,4.0539612963254114e-17,21.200000000000003,3.552713678800501e-15,0.04175319811646992,0.008371739174427115,0.0004287033400032669,5.094152611280783e-05
Normal,50,GA,13.328,0.9559581580801544,33.31999999999999,2.3898953952003845,1.0,0.0,0.8500000000000003,3.3306690738754696e-16,10.0,0.0,1.7320508075688765,7.7768461516828425e-16,0.0008731966586007426,8.802131083893298e-05
Normal,50,Classical,13.328,0.9559581580801544,33.31999999999999,2.3898953952003845,1.0,0.0,0.8500000000000003,3.3306690738754696e-16,10.0,0.0,1.7320508075688765,7.7768461516828425e-16,0.0011175766645465045,0.00012183336788196054
Normal,50,Quantum-Inspired,11.051333333333336,0.8947876222260166,73.21666666666668,6.848398028411865,0.8599999999999999,0.03932768321000702,0.6593,0.019459616303171706,20.486666666666665,1.4129716518348447,0.28088069602299154,0.13941093002807536,0.002163556668286522,0.00029814056338677106
Normal,100,FCFS,21.795999999999992,0.9112613968194485,156.46,7.346817905279363,0.825333333333333,0.023199616855073733,0.6374999999999996,3.3306690738754696e-16,21.25,0.0,0.07495315894498947,0.028633868603073934,0.0010691466644251098,0.00019742506799020235
Normal,100,Round Robin,21.795999999999992,0.9112613968194485,156.46,7.346817905279363,0.825333333333333,0.023199616855073733,0.6374999999999996,3.3306690738754696e-16,21.25,0.0,0.07495315894498947,0.028633868603073934,0.0010711999978714932,0.00027099101545545494
Normal,100,Min-Min,21.81933333333333,0.928568551888097,155.91500000000002,6.700412300746872,0.838,0.03320642508109938,0.6374999999999996,4.1590165673137073e-16,21.25,0.0,0.018143158550970154,0.0044759620648263795,0.001103039999725297,0.00025201983998343684
Normal,100,GA,26.823999999999998,1.1443006597918262,67.06,2.86075164947956,1.0,0.0,0.849999999999999,5.551115123125783e-16,10.0,0.0,1.7320508075688765,7.551693161576569e-16,0.0021836933330632744,0.00040471232769587515
Normal,100,Classical,26.197333333333336,1.0992449934184654,78.02666666666667,4.292332957987097,0.9993333333333333,0.0024944382578492956,0.8398,0.0005999999999999951,11.7,0.09999999999999995,1.5748489677719764,0.030186791688480256,0.0029477933402328443,0.0008421567838490825
Normal,100,Quantum-Inspired,22.487000000000002,1.0156743244432909,143.74666666666664,8.023641456484834,0.8630000000000002,0.02968164415931166,0.6682,0.014860237772884576,19.80833333333333,0.8397502935727713,0.2806782970235775,0.07936599580880258,0.005266459998286639,0.0009192706889255113
Normal,250,FCFS,54.96199999999999,1.5948926818650362,395.7116666666667,11.564959167915617,0.8367999999999998,0.020666236554664055,0.6363999999999997,1.1102230246251565e-16,21.240000000000006,7.105427357601002e-15,0.045965256949122575,0.018545448558080897,0.0021529966693681975,0.00025092402102276884
Normal,250,Round Robin,54.96199999999999,1.5948926818650362,395.7116666666667,11.564959167915617,0.8367999999999998,0.020666236554664055,0.6363999999999997,1.1102230246251565e-16,21.240000000000006,7.105427357601002e-15,0.045965256949122575,0.018545448558080897,0.0021890366702185323,0.0003001860943943426
Normal,250,Min-Min,55.02166666666664,1.582951006471426,394.93833333333333,11.286361115178918,0.8396000000000002,0.02043134846259541,0.6363999999999999,1.2329641936283705e-16,21.240000000000006,7.105427357601002e-15,0.008737248297046012,0.0021654915704659985,0.0022217300060826044,0.0002757704398997144
Normal,250,GA,67.71599999999998,1.9415416554892755,169.29000000000005,4.8538541387231415,1.0,0.0,0.8500000000000003,5.551115123125783e-16,10.0,0.0,1.7320508075688765,7.99566148153398e-16,0.004504689995277052,0.000468535492371189
Normal,250,Classical,65.15999999999995,1.7594847730704264,214.0200000000001,9.09825624318564,0.9970666666666664,0.004122566622330753,0.83288,0.00029933259094189966,12.853333333333333,0.0498887651569857,1.4826102406420132,0.02319247663687762,0.005691330004871513,0.0005757307090048748
Normal,250,Quantum-Inspired,56.42299999999997,1.7497755094106637,368.5066666666667,14.1488028547373,0.8517333333333333,0.018005431279354462,0.6683133333333333,0.008044821660891903,20.086,0.6338275264875558,0.23360954495379668,0.05963427334523558,0.010772819999450197,0.0010854860329772807
Normal,500,FCFS,110.16266666666674,2.547598782295852,792.4483333333333,19.975758155546536,0.8371333333333333,0.015281215774785577,0.6374999999999996,2.220446049250313e-16,21.25,0.0,0.0370998182815667,0.012555183267696144,0.004665166657650844,0.00047252427914396396
Normal,500,Round Robin,110.16266666666674,2.547598782295852,792.4483333333333,19.975758155546536,0.8371333333333333,0.015281215774785577,0.6374999999999996,2.220446049250313e-16,21.25,0.0,0.0370998182815667,0.012555183267696144,0.004455213330220431,0.0004476435224892202
Normal,500,Min-Min,110.25366666666673,2.5833227741719447,790.938333333333,18.491018916099648,0.8396666666666668,0.016773656594659254,0.6374999999999996,3.3306690738754696e-16,21.25,0.0,0.0037025478515386604,0.0008287933195383903,0.004664066672557965,0.0005299211517863393
Normal,500,GA,135.67000000000036,3.173354691804864,339.1749999999999,7.9333867295121765,1.0,0.0,0.8500000000000003,5.551115123125783e-16,10.0,0.0,1.7320508075688765,7.702526463018282e-16,0.010101369999271506,0.0031138315780342126
Normal,500,Classical,117.33366666666672,2.291090691255018,624.283333333334,21.758191305549513,0.9104000000000003,0.010738094182240481,0.7413399999999998,0.0036268995023297675,19.145333333333333,0.191341463241911,0.7564188748868459,0.020110660875237305,0.012164039995210867,0.003454467069874184
Normal,500,Quantum-Inspired,113.40300000000006,3.0245397997050487,730.1933333333333,19.585954718170512,0.8573999999999998,0.012123255888305484,0.6688533333333333,0.006063262781337759,19.974,0.3833327536227496,0.246383884466443,0.048042281498420006,0.022372776669605323,0.002099160564945377
Normal,1000,FCFS,219.15200000000064,3.272493850261532,1577.000000000001,27.49565420207421,0.829,0.004049691346263321,0.6374999999999998,0.0,21.25,0.0,0.0254905155801222,0.00898572513582424,0.009598900005221367,0.0006478812778622071
Normal,1000,Round Robin,219.15200000000064,3.272493850261532,1577.000000000001,27.49565420207421,0.829,0.004049691346263321,0.6374999999999998,0.0,21.25,0.0,0.0254905155801222,0.00898572513582424,0.010425540013238787,0.0022041825654743126
Normal,1000,Min-Min,219.36800000000062,3.3414332254288057,1574.4600000000005,24.131854466658876,0.8353999999999999,0.006086049621881182,0.6375,7.021666937153402e-17,21.25,0.0,0.0017491459039358215,0.0003913175840311484,0.011055840004701167,0.002107871310247815
Normal,1000,GA,269.9760000000023,4.125033818043194,674.9399999999982,10.312584545108235,1.0,0.0,0.8499999999999999,1.1102230246251565e-16,10.0,0.0,1.7320508075688774,1.4043333874306804e-16,0.021899219986516984,0.00354950433436557
Normal,1000,Classical,215.89200000000042,3.0261354893658767,1473.0699999999986,26.744562064090605,0.8698,0.009453041838477188,0.6613899999999999,0.0006880406964707351,23.032000000000004,0.0440000000000008,0.7547532459921167,0.006252625720197906,0.02462511999765411,0.0026897892339963355
Normal,1000,Quantum-Inspired,219.75200000000063,3.393578642082591,1557.1199999999992,24.714360198070896,0.833,0.01104536101718727,0.64709,0.002040931160034549,21.201,0.25829053408903746,0.0731207145388553,0.023652318305937944,0.045435819984413685,0.005738843162161216
Normal,2000,FCFS,436.0020000000035,4.005248556581637,3130.710000000004,30.706846142189303,0.8351,0.005247856705360799,0.6374999999999998,0.0,21.25,0.0,0.014069359610472246,0.0036677081889289146,0.025255240011028947,0.005476091470141924
Normal,2000,Round Robin,436.0020000000035,4.005248556581637,3130.710000000004,30.706846142189303,0.8351,0.005247856705360799,0.6374999999999998,0.0,21.25,0.0,0.014069359610472246,0.0036677081889289146,0.03065785998478532,0.007132202424907393
Normal,2000,Min-Min,436.1640000000033,4.058352375040899,3130.680000000004,28.91533503177764,0.8324999999999999,0.0068774995456197755,0.6375,0.0,21.25,0.0,0.0008854576635554119,0.00021639828965947896,0.021611259994097055,0.001577565932275651
Normal,2000,GA,536.7840000000094,4.972056315046488,1341.9600000000023,12.43014078761804,1.0,0.0,0.8499999999999999,1.1102230246251565e-16,10.0,0.0,1.7320508075688774,9.930136612989092e-17,0.04059585999930278,0.0027285351077190605
Normal,2000,Classical,440.40800000000417,4.897939975132503,3022.6400000000076,14.580857313611869,0.8885,0.006580273550544836,0.6438249999999999,0.002130258200312767,20.692999999999998,0.09183408953106674,0.1190465039132711,0.00770284871439338,0.045156740001402795,0.0034453958768805876
Normal,2000,Quantum-Inspired,429.0460000000027,4.8368320210656615,3218.170000000001,17.798977498722557,0.8333,0.002942787793912441,0.618065,0.0013544002362669482,21.9565,0.1504460036026214,0.18423769534073453,0.008512104315700389,0.09421963999047875,0.006656694276055195
High Carbon,50,FCFS,10.830666666666668,0.7622463876959711,124.50400000000003,10.064075251440975,0.8266666666666667,0.03735713526965839,0.632,0.0,21.200000000000003,3.552713678800501e-15,0.112141120017922,0.053350027618579654,0.0005727366680124154,0.00029646812700646896
High Carbon,50,Round Robin,10.830666666666668,0.7622463876959711,124.50400000000003,10.064075251440975,0.8266666666666667,0.03735713526965839,0.632,0.0,21.200000000000003,3.552713678800501e-15,0.112141120017922,0.053350027618579654,0.000459993335728844,9.017267522381317e-05
High Carbon,50,Min-Min,10.828666666666667,0.7744104567705398,124.25333333333337,9.013059167427873,0.8346666666666668,0.04287449384216939,0.632,4.0539612963254114e-17,21.200000000000003,3.552713678800501e-15,0.04175319811646992,0.008371739174427115,0.0005067766644060612,0.00014508344634244757
High Carbon,50,GA,13.328,0.9559581580801544,53.312,3.8238326323206175,1.0,0.0,0.8500000000000003,3.3306690738754696e-16,10.0,0.0,1.7320508075688765,7.7768461516828425e-16,0.0011476666647164773,0.0003360566894571654
High Carbon,50,Classical,13.328,0.9559581580801544,53.312,3.8238326323206175,1.0,0.0,0.8500000000000003,3.3306690738754696e-16,10.0,0.0,1.7320508075688765,7.7768461516828425e-16,0.0014823599990146856,0.0004408779311450243
High Carbon,50,Quantum-Inspired,11.051333333333336,0.8947876222260166,117.1466666666667,10.957436845459,0.8599999999999999,0.03932768321000702,0.6593,0.019459616303171706,20.486666666666665,1.4129716518348447,0.28088069602299154,0.13941093002807536,0.0026194266780900457,0.0006168823337558628
High Carbon,100,FCFS,21.795999999999992,0.9112613968194485,250.3360000000001,11.754908648446955,0.825333333333333,0.023199616855073733,0.6374999999999996,3.3306690738754696e-16,21.25,0.0,0.07495315894498947,0.028633868603073934,0.0009221666725352407,0.00013828480314942448
High Carbon,100,Round Robin,21.795999999999992,0.9112613968194485,250.3360000000001,11.754908648446955,0.825333333333333,0.023199616855073733,0.6374999999999996,3.3306690738754696e-16,21.25,0.0,0.07495315894498947,0.028633868603073934,0.0008803866629023104,0.0001317887491486457
High Carbon,100,Min-Min,21.81933333333333,0.928568551888097,249.46399999999997,10.72065968119498,0.838,0.03320642508109938,0.6374999999999996,4.1590165673137073e-16,21.25,0.0,0.018143158550970154,0.0044759620648263795,0.0009301933304717143,0.00015748219353757322
High Carbon,100,GA,26.823999999999998,1.1443006597918262,107.29599999999999,4.577202639167305,1.0,0.0,0.849999999999999,5.551115123125783e-16,10.0,0.0,1.7320508075688765,7.551693161576569e-16,0.001975293333331744,0.00039648493832662317
High Carbon,100,Classical,26.197333333333336,1.0992449934184654,124.84266666666664,6.86773273277936,0.9993333333333333,0.0024944382578492956,0.8398,0.0005999999999999951,11.7,0.09999999999999995,1.5748489677719764,0.030186791688480256,0.0024575600012515983,0.00040057707941792113
High Carbon,100,Quantum-Inspired,22.487000000000002,1.0156743244432909,229.99466666666666,12.837826330375739,0.8630000000000002,0.02968164415931166,0.6682,0.014860237772884576,19.80833333333333,0.8397502935727713,0.2806782970235775,0.07936599580880258,0.004597473330795765,0.000693310134050121
High Carbon,250,FCFS,54.96199999999999,1.5948926818650362,633.1386666666666,18.503934668664964,0.8367999999999998,0.020666236554664055,0.6363999999999997,1.1102230246251565e-16,21.240000000000006,7.105427357601002e-15,0.045965256949122575,0.018545448558080897,0.0025773233249007416,0.0008667498409622734
High Carbon,250,Round Robin,54.96199999999999,1.5948926818650362,633.1386666666666,18.503934668664964,0.8367999999999998,0.020666236554664055,0.6363999999999997,1.1102230246251565e-16,21.240000000000006,7.105427357601002e-15,0.045965256949122575,0.018545448558080897,0.0023868766710317384,0.0004965983349328914
High Carbon,250,Min-Min,55.02166666666664,1.582951006471426,631.9013333333334,18.058177784286173,0.8396000000000002,0.02043134846259541,0.6363999999999999,1.2329641936283705e-16,21.240000000000006,7.105427357601002e-15,0.008737248297046012,0.0021654915704659985,0.002445386666416501,0.0005620003026889296
High Carbon,250,GA,67.71599999999998,1.9415416554892755,270.8639999999999,7.766166621957102,1.0,0.0,0.8500000000000003,5.551115123125783e-16,10.0,0.0,1.7320508075688765,7.99566148153398e-16,0.005501203328215827,0.003529302248085112
High Carbon,250,Classical,65.15999999999995,1.7594847730704264,342.4320000000002,14.55720998909708,0.9970666666666664,0.004122566622330753,0.83288,0.00029933259094189966,12.853333333333333,0.0498887651569857,1.4826102406420132,0.02319247663687762,0.006395299992679308,0.00111035703967134
High Carbon,250,Quantum-Inspired,56.42299999999997,1.7497755094106637,589.610666666667,22.638084567579618,0.8517333333333333,0.018005431279354462,0.6683133333333333,0.008044821660891903,20.086,0.6338275264875558,0.23360954495379668,0.05963427334523558,0.01243912333350939,0.004218391501528539
High Carbon,500,FCFS,110.16266666666674,2.547598782295852,1267.9173333333335,31.96121304887477,0.8371333333333333,0.015281215774785577,0.6374999999999996,2.220446049250313e-16,21.25,0.0,0.0370998182815667,0.012555183267696144,0.00503426999396955,0.0012746374668818066
High Carbon,500,Round Robin,110.16266666666674,2.547598782295852,1267.9173333333335,31.96121304887477,0.8371333333333333,0.015281215774785577,0.6374999999999996,2.220446049250313e-16,21.25,0.0,0.0370998182815667,0.012555183267696144,0.00484428665949963,0.0007790416092357495
High Carbon,500,Min-Min,110.25366666666673,2.5833227741719447,1265.501333333333,29.58563026575958,0.8396666666666668,0.016773656594659254,0.6374999999999996,3.3306690738754696e-16,21.25,0.0,0.0037025478515386604,0.0008287933195383903,0.0048241833341307935,0.0005955993367471155
High Carbon,500,GA,135.67000000000036,3.173354691804864,542.6800000000014,12.693418767219455,1.0,0.0,0.8500000000000003,5.551115123125783e-16,10.0,0.0,1.7320508075688765,7.702526463018282e-16,0.00986902000537763,0.0016685559108989634
High Carbon,500,Classical,117.33366666666672,2.291090691255018,998.8533333333311,34.813106088879145,0.9104000000000003,0.010738094182240481,0.7413399999999998,0.0036268995023297675,19.145333333333333,0.191341463241911,0.7564188748868459,0.020110660875237305,0.012113860003106916,0.003408640411266595
High Carbon,500,Quantum-Inspired,113.40300000000006,3.0245397997050487,1168.3093333333336,31.33752754907269,0.8573999999999998,0.012123255888305484,0.6688533333333333,0.006063262781337759,19.974,0.3833327536227496,0.246383884466443,0.048042281498420006,0.023632766663407287,0.005066989238226868
High Carbon,1000,FCFS,219.15200000000064,3.272493850261532,2523.199999999998,43.99304672331518,0.829,0.004049691346263321,0.6374999999999998,0.0,21.25,0.0,0.0254905155801222,0.00898572513582424,0.009140739997383207,0.000493433575429915
High Carbon,1000,Round Robin,219.15200000000064,3.272493850261532,2523.199999999998,43.99304672331518,0.829,0.004049691346263321,0.6374999999999998,0.0,21.25,0.0,0.0254905155801222,0.00898572513582424,0.008835960016585886,0.00037174138792471793
High Carbon,1000,Min-Min,219.36800000000062,3.3414332254288057,2519.1359999999972,38.610967146653536,0.8353999999999999,0.006086049621881182,0.6375,7.021666937153402e-17,21.25,0.0,0.0017491459039358215,0.0003913175840311484,0.009185959992464632,0.000408393742999727
High Carbon,1000,GA,269.9760000000023,4.125033818043194,1079.904000000009,16.500135272172777,1.0,0.0,0.8499999999999999,1.1102230246251565e-16,10.0,0.0,1.7320508075688774,1.4043333874306804e-16,0.01948427999159321,0.0009677413624233866
High Carbon,1000,Classical,215.89200000000042,3.0261354893658767,2356.9119999999903,42.79129930254525,0.8698,0.009453041838477188,0.6613899999999999,0.0006880406964707351,23.032000000000004,0.0440000000000008,0.7547532459921167,0.006252625720197906,0.02131875999039039,0.0008363106043485121
High Carbon,1000,Quantum-Inspired,219.75200000000063,3.393578642082591,2491.392000000003,39.54297631691443,0.833,0.01104536101718727,0.64709,0.002040931160034549,21.201,0.25829053408903746,0.0731207145388553,0.023652318305937944,0.047086760017555206,0.0066655482284820565
High Carbon,2000,FCFS,436.0020000000035,4.005248556581637,5009.1359999999795,49.13095382750209,0.8351,0.005247856705360799,0.6374999999999998,0.0,21.25,0.0,0.014069359610472246,0.0036677081889289146,0.029155500000342727,0.016742439490451167
High Carbon,2000,Round Robin,436.0020000000035,4.005248556581637,5009.1359999999795,49.13095382750209,0.8351,0.005247856705360799,0.6374999999999998,0.0,21.25,0.0,0.014069359610472246,0.0036677081889289146,0.028951560019049794,0.015571886778521837
High Carbon,2000,Min-Min,436.1640000000033,4.058352375040899,5009.08799999998,46.26453605084586,0.8324999999999999,0.0068774995456197755,0.6375,0.0,21.25,0.0,0.0008854576635554119,0.00021639828965947896,0.030698880006093533,0.015786828342113063
High Carbon,2000,GA,536.7840000000094,4.972056315046488,2147.1360000000377,19.88822526018595,1.0,0.0,0.8499999999999999,1.1102230246251565e-16,10.0,0.0,1.7320508075688774,9.930136612989092e-17,0.062066020001657306,0.03203769152158259
High Carbon,2000,Classical,440.40800000000417,4.897939975132503,4836.223999999976,23.329371701787597,0.8885,0.006580273550544836,0.6438249999999999,0.002130258200312767,20.692999999999998,0.09183408953106674,0.1190465039132711,0.00770284871439338,0.08046558001078666,0.046934944109699166
High Carbon,2000,Quantum-Inspired,429.0460000000027,4.8368320210656615,5149.07199999999,28.47836399795361,0.8333,0.002942787793912441,0.618065,0.0013544002362669482,21.9565,0.1504460036026214,0.18423769534073453,0.008512104315700389,0.17642439998453482,0.1116189863669578
Renewable Peak,50,FCFS,10.830666666666668,0.7622463876959711,77.81499999999998,6.2900470321506115,0.8266666666666667,0.03735713526965839,0.9494000000000005,6.661338147750939e-16,21.200000000000003,3.552713678800501e-15,0.112141120017922,0.053350027618579654,0.0020389666625609,0.001145822691621793
Renewable Peak,50,Round Robin,10.830666666666668,0.7622463876959711,77.81499999999998,6.2900470321506115,0.8266666666666667,0.03735713526965839,0.9494000000000005,6.661338147750939e-16,21.200000000000003,3.552713678800501e-15,0.112141120017922,0.053350027618579654,0.0015677966662527372,0.0005378427442120952
Renewable Peak,50,Min-Min,10.828666666666667,0.7744104567705398,77.65833333333332,5.6331619796424235,0.8346666666666668,0.04287449384216939,0.9494000000000005,5.01037472135962e-16,21.200000000000003,3.552713678800501e-15,0.04175319811646992,0.008371739174427115,0.0015405000051638732,0.00047147100064578106
Renewable Peak,50,GA,13.328,0.9559581580801544,33.31999999999999,2.3898953952003845,1.0,0.0,1.2700000000000002,2.220446049250313e-16,10.0,0.0,1.7320508075688765,7.7768461516828425e-16,0.0035296633296335736,0.0013864794726262115
Renewable Peak,50,Classical,13.328,0.9559581580801544,33.31999999999999,2.3898953952003845,1.0,0.0,1.2700000000000002,2.220446049250313e-16,10.0,0.0,1.7320508075688765,7.7768461516828425e-16,0.004671720000139127,0.0011859322833010519
Renewable Peak,50,Quantum-Inspired,11.086666666666666,0.8939065325238923,72.58833333333335,6.931386144840647,0.8640000000000002,0.04301937547973782,0.9957933333333332,0.027818338475824815,20.366666666666667,1.3871633725780903,0.3106235060868786,0.14007791331902816,0.008723073330475017,0.002582875760580867
Renewable Peak,100,FCFS,21.795999999999992,0.9112613968194485,156.46,7.346817905279363,0.825333333333333,0.023199616855073733,0.9574999999999997,2.220446049250313e-16,21.25,0.0,0.07495315894498947,0.028633868603073934,0.0013005799982541552,0.000660523740648379
Renewable Peak,100,Round Robin,21.795999999999992,0.9112613968194485,156.46,7.346817905279363,0.825333333333333,0.023199616855073733,0.9574999999999997,2.220446049250313e-16,21.25,0.0,0.07495315894498947,0.028633868603073934,0.0011216166681454827,0.0003487462371503694
Renewable Peak,100,Min-Min,21.81933333333333,0.928568551888097,155.91500000000002,6.700412300746872,0.838,0.03320642508109938,0.9574999999999997,2.6194362781338265e-16,21.25,0.0,0.018143158550970154,0.0044759620648263795,0.0010932566675667962,0.0003431882055059734
Renewable Peak,100,GA,26.823999999999998,1.1443006597918262,67.06,2.86075164947956,1.0,0.0,1.2699999999999994,2.220446049250313e-16,10.0,0.0,1.7320508075688765,7.551693161576569e-16,0.00240454666588145,0.0007510322890918888
Renewable Peak,100,Classical,26.05933333333333,1.1269248224950768,80.44166666666668,4.082260063031538,0.999,0.003958114029012643,1.2507866666666663,0.0009728766051709085,12.183333333333334,0.11055415967851334,1.5410799105815594,0.03279792465867251,0.0029627166649637124,0.0007418290391792919
Renewable Peak,100,Quantum-Inspired,22.56233333333333,1.0533713600730872,142.36499999999998,8.304999999999986,0.8653333333333336,0.03063041335376039,1.00639,0.02178461766170494,19.61166666666667,0.9410706078126598,0.3041522564389046,0.08590622111548137,0.006150960004500424,0.0026213615282425747
Renewable Peak,250,FCFS,54.96199999999999,1.5948926818650362,395.7116666666667,11.564959167915617,0.8367999999999998,0.020666236554664055,0.9558800000000003,3.3306690738754696e-16,21.240000000000006,7.105427357601002e-15,0.045965256949122575,0.018545448558080897,0.002350336662493646,0.0004646622452421109
Renewable Peak,250,Round Robin,54.96199999999999,1.5948926818650362,395.7116666666667,11.564959167915617,0.8367999999999998,0.020666236554664055,0.9558800000000003,3.3306690738754696e-16,21.240000000000006,7.105427357601002e-15,0.045965256949122575,0.018545448558080897,0.002211460001611461,0.00041532232570140853
Renewable Peak,250,Min-Min,55.02166666666664,1.582951006471426,394.93833333333333,11.286361115178918,0.8396000000000002,0.02043134846259541,0.9558800000000003,3.709983737954581e-16,21.240000000000006,7.105427357601002e-15,0.008737248297046012,0.0021654915704659985,0.0023335233291921515,0.0004455572856691835
Renewable Peak,250,GA,67.71599999999998,1.9415416554892755,169.29000000000005,4.8538541387231415,1.0,0.0,1.2700000000000002,4.440892098500626e-16,10.0,0.0,1.7320508075688765,7.99566148153398e-16,0.004773986655830716,0.0008086255870183009
Renewable Peak,250,Classical,64.59733333333328,1.8567048470042056,223.8666666666668,7.5969877071258916,0.9958666666666667,0.005213657278937912,1.2401093333333326,0.00015796483434261065,13.396666666666663,0.01795054935711495,1.431018633195748,0.019809798002878472,0.0063011199973213175,0.0012816799260427477
Renewable Peak,250,Quantum-Inspired,56.66166666666665,1.6408657944986131,364.1466666666667,14.130091609359388,0.8562666666666667,0.017525093120690956,1.0058506666666667,0.011093983634785502,19.835333333333335,0.5674664943608759,0.2538497307842268,0.05729767321235806,0.012027323333313689,0.003495128798907999
Renewable Peak,500,FCFS,110.16266666666674,2.547598782295852,792.4483333333333,19.975758155546536,0.8371333333333333,0.015281215774785577,0.9574999999999997,3.3306690738754696e-16,21.25,0.0,0.0370998182815667,0.012555183267696144,0.0046844266665478545,0.0002755317800757833
Renewable Peak,500,Round Robin,110.16266666666674,2.547598782295852,792.4483333333333,19.975758155546536,0.8371333333333333,0.015281215774785577,0.9574999999999997,3.3306690738754696e-16,21.25,0.0,0.0370998182815667,0.012555183267696144,0.005073510005604476,0.003213910092973975
Renewable Peak,500,Min-Min,110.25366666666673,2.5833227741719447,790.938333333333,18.491018916099648,0.8396666666666668,0.016773656594659254,0.9574999999999997,3.299685432320659e-16,21.25,0.0,0.0037025478515386604,0.0008287933195383903,0.0045959666701188935,0.00028164614558714757
Renewable Peak,500,GA,135.67000000000036,3.173354691804864,339.1749999999999,7.9333867295121765,1.0,0.0,1.2700000000000002,4.440892098500626e-16,10.0,0.0,1.7320508075688765,7.702526463018282e-16,0.0093999633352117,0.0004173116792867886
Renewable Peak,500,Classical,118.12733333333343,2.3723854848840813,600.4883333333339,19.409596781546554,0.9217333333333334,0.010865644123668973,1.096068,0.0074247093770283745,18.392333333333333,0.19612382709797285,0.7964323953260403,0.016108400783881233,0.011319563332169007,0.000502345015424577
Renewable Peak,500,Quantum-Inspired,113.9013333333334,3.0385026283059373,721.2349999999999,17.72620541270286,0.8602,0.011282434725418693,1.007128666666667,0.008926472514692188,19.713333333333335,0.3474798155608787,0.272279675376412,0.04612351555153129,0.021836673332533488,0.001137711151898329
Renewable Peak,1000,FCFS,219.15200000000064,3.272493850261532,1577.000000000001,27.49565420207421,0.829,0.004049691346263321,0.9574999999999999,1.1102230246251565e-16,21.25,0.0,0.0254905155801222,0.00898572513582424,0.01041008000029251,0.0006685338745208764
Renewable Peak,1000,Round Robin,219.15200000000064,3.272493850261532,1577.000000000001,27.49565420207421,0.829,0.004049691346263321,0.9574999999999999,1.1102230246251565e-16,21.25,0.0,0.0254905155801222,0.00898572513582424,0.009881880006287248,0.0007850958208072481
Renewable Peak,1000,Min-Min,219.36800000000062,3.3414332254288057,1574.4600000000005,24.131854466658876,0.8353999999999999,0.006086049621881182,0.9574999999999999,1.1102230246251565e-16,21.25,0.0,0.0017491459039358215,0.0003913175840311484,0.009902999992482365,0.001259552683554991
Renewable Peak,1000,GA,269.9760000000023,4.125033818043194,674.9399999999982,10.312584545108235,1.0,0.0,1.2699999999999998,0.0,10.0,0.0,1.7320508075688774,1.4043333874306804e-16,0.01870771999238059,0.0005101718558821155
Renewable Peak,1000,Classical,218.2500000000005,2.9695858297075395,1437.4600000000005,32.74095905742619,0.8778,0.008471127433818955,0.973486,0.002582166532197367,21.969,0.054990908339470845,0.776857309222899,0.02245376571278449,0.02410999999847263,0.0070744138738079426
Renewable Peak,1000,Quantum-Inspired,220.17200000000065,3.334566838436433,1551.1399999999994,27.31864564725011,0.8333999999999999,0.012354756169184411,0.969608,0.0036071728541893317,21.107999999999997,0.21369604582209825,0.06854924896393343,0.016738680589088426,0.04538784002652392,0.0016142225684661151
Renewable Peak,2000,FCFS,436.0020000000035,4.005248556581637,3130.710000000004,30.706846142189303,0.8351,0.005247856705360799,0.9574999999999999,1.1102230246251565e-16,21.25,0.0,0.014069359610472246,0.0036677081889289146,0.0188043599948287,0.00046680435805766736
Renewable Peak,2000,Round Robin,436.0020000000035,4.005248556581637,3130.710000000004,30.706846142189303,0.8351,0.005247856705360799,0.9574999999999999,1.1102230246251565e-16,21.25,0.0,0.014069359610472246,0.0036677081889289146,0.018447680014651267,0.0007274774006778334
Renewable Peak,2000,Min-Min,436.1640000000033,4.058352375040899,3130.680000000004,28.91533503177764,0.8324999999999999,0.0068774995456197755,0.9574999999999999,1.1102230246251565e-16,21.25,0.0,0.0008854576635554119,0.00021639828965947896,0.019494179997127502,0.0006616229327024131
Renewable Peak,2000,GA,536.7840000000094,4.972056315046488,1341.9600000000023,12.43014078761804,1.0,0.0,1.2699999999999998,0.0,10.0,0.0,1.7320508075688774,9.930136612989092e-17,0.036842120019719,0.0009798122216426023
Renewable Peak,2000,Classical,440.11200000000406,4.625379551994109,3028.0300000000075,19.425874497689936,0.9187000000000001,0.0066377707101104464,0.9675349999999998,0.003407548972502077,20.764000000000003,0.07935048834128271,0.11532335381485267,0.004000871558657106,0.038763300003483894,0.0006090118000322545
Renewable Peak,2000,Quantum-Inspired,429.2520000000025,4.214420007545706,3216.94,27.209637998327224,0.8311999999999999,0.004621688003316541,0.9273499999999999,0.002036398782164207,21.9035,0.08841097216974736,0.18404199248172054,0.005622345437187073,0.08823332000756637,0.010038074032525032
Energy Price Spike,50,FCFS,18.445333333333338,1.2820757474588713,77.81499999999998,6.2900470321506115,0.8266666666666667,0.03735713526965839,0.632,0.0,21.200000000000003,3.552713678800501e-15,0.112141120017922,0.053350027618579654,0.0005136466682112465,0.00023034993325405994
Energy Price Spike,50,Round Robin,18.445333333333338,1.2820757474588713,77.81499999999998,6.2900470321506115,0.8266666666666667,0.03735713526965839,0.632,0.0,21.200000000000003,3.552713678800501e-15,0.112141120017922,0.053350027618579654,0.0004804200065943102,0.00018645468485191648
Energy Price Spike,50,Min-Min,18.441333333333333,1.3130593622867517,77.65833333333332,5.6331619796424235,0.8346666666666668,0.04287449384216939,0.632,4.0539612963254114e-17,21.200000000000003,3.552713678800501e-15,0.04175319811646992,0.008371739174427115,0.0004923166629547874,0.00014278295337130724
Energy Price Spike,50,GA,22.63566666666667,1.6346308111891492,33.31999999999999,2.3898953952003845,1.0,0.0,0.8500000000000003,3.3306690738754696e-16,10.0,0.0,1.7320508075688765,7.7768461516828425e-16,0.0009607099986169487,0.00015567385504130284
Energy Price Spike,50,Classical,22.63566666666667,1.6346308111891492,33.31999999999999,2.3898953952003845,1.0,0.0,0.8500000000000003,3.3306690738754696e-16,10.0,0.0,1.7320508075688765,7.7768461516828425e-16,0.0011871266625045488,0.00014636234268093612
Energy Price Spike,50,Quantum-Inspired,18.802,1.519204616457791,73.21666666666668,6.848398028411865,0.8599999999999999,0.03932768321000702,0.6593,0.019459616303171706,20.486666666666665,1.4129716518348447,0.28088069602299154,0.13941093002807536,0.0021861899954577287,0.00023754574724409476
Energy Price Spike,100,FCFS,37.10200000000001,1.53726033362386,156.46,7.346817905279363,0.825333333333333,0.023199616855073733,0.6374999999999996,3.3306690738754696e-16,21.25,0.0,0.07495315894498947,0.028633868603073934,0.001014510002763321,0.0002757972724065292
Energy Price Spike,100,Round Robin,37.10200000000001,1.53726033362386,156.46,7.346817905279363,0.825333333333333,0.023199616855073733,0.6374999999999996,3.3306690738754696e-16,21.25,0.0,0.07495315894498947,0.028633868603073934,0.0008500399979917953,9.16944782222794e-05
Energy Price Spike,100,Min-Min,37.14766666666667,1.5726785713835139,155.91500000000002,6.700412300746872,0.838,0.03320642508109938,0.6374999999999996,4.1590165673137073e-16,21.25,0.0,0.018143158550970154,0.0044759620648263795,0.0009617400006391108,0.00021603662327559034
Energy Price Spike,100,GA,45.56966666666668,1.9488517702027066,67.06,2.86075164947956,1.0,0.0,0.849999999999999,5.551115123125783e-16,10.0,0.0,1.7320508075688765,7.551693161576569e-16,0.0018422466605746497,0.00030105004431468503
Energy Price Spike,100,Classical,44.506333333333345,1.8758633271702458,78.02666666666667,4.292332957987097,0.9993333333333333,0.0024944382578492956,0.8398,0.0005999999999999951,11.7,0.09999999999999995,1.5748489677719764,0.030186791688480256,0.0025478499999735506,0.0006698957316024596
Energy Price Spike,100,Quantum-Inspired,38.27233333333334,1.7091141630160993,143.74666666666664,8.023641456484834,0.8630000000000002,0.02968164415931166,0.6682,0.014860237772884576,19.80833333333333,0.8397502935727713,0.2806782970235775,0.07936599580880258,0.004665213332433874,0.000779608785418526
Energy Price Spike,250,FCFS,93.55033333333341,2.7006918660883183,395.7116666666667,11.564959167915617,0.8367999999999998,0.020666236554664055,0.6363999999999997,1.1102230246251565e-16,21.240000000000006,7.105427357601002e-15,0.045965256949122575,0.018545448558080897,0.002395903330761939,0.0006543358907894954
Energy Price Spike,250,Round Robin,93.55033333333341,2.7006918660883183,395.7116666666667,11.564959167915617,0.8367999999999998,0.020666236554664055,0.6363999999999997,1.1102230246251565e-16,21.240000000000006,7.105427357601002e-15,0.045965256949122575,0.018545448558080897,0.002236616663867608,0.00035981011017682086
Energy Price Spike,250,Min-Min,93.66266666666674,2.681565380312201,394.93833333333333,11.286361115178918,0.8396000000000002,0.02043134846259541,0.6363999999999999,1.2329641936283705e-16,21.240000000000006,7.105427357601002e-15,0.008737248297046012,0.0021654915704659985,0.0023457333348536244,0.00048026789246085174
Energy Price Spike,250,GA,115.05266666666651,3.3028724199130273,169.29000000000005,4.8538541387231415,1.0,0.0,0.8500000000000003,5.551115123125783e-16,10.0,0.0,1.7320508075688765,7.99566148153398e-16,0.004508356662699953,0.0003832254611721027
Energy Price Spike,250,Classical,110.71533333333322,2.9998797012917335,214.0200000000001,9.09825624318564,0.9970666666666664,0.004122566622330753,0.83288,0.00029933259094189966,12.853333333333333,0.0498887651569857,1.4826102406420132,0.02319247663687762,0.0060961466651254645,0.0009530520500059265
Energy Price Spike,250,Quantum-Inspired,96.01433333333338,2.9755231286092956,368.5066666666667,14.1488028547373,0.8517333333333333,0.018005431279354462,0.6683133333333333,0.008044821660891903,20.086,0.6338275264875558,0.23360954495379668,0.05963427334523558,0.01121405999486645,0.0016118997490319935
Energy Price Spike,500,FCFS,187.48933333333315,4.32365118338138,792.4483333333333,19.975758155546536,0.8371333333333333,0.015281215774785577,0.6374999999999996,2.220446049250313e-16,21.25,0.0,0.0370998182815667,0.012555183267696144,0.004540930007351562,0.00034656375307412154
Energy Price Spike,500,Round Robin,187.48933333333315,4.32365118338138,792.4483333333333,19.975758155546536,0.8371333333333333,0.015281215774785577,0.6374999999999996,2.220446049250313e-16,21.25,0.0,0.0370998182815667,0.012555183267696144,0.0044401199944938225,0.00045389966194913696
Energy Price Spike,500,Min-Min,187.6829999999998,4.38131042041075,790.938333333333,18.491018916099648,0.8396666666666668,0.016773656594659254,0.6374999999999996,3.3306690738754696e-16,21.25,0.0,0.0037025478515386604,0.0008287933195383903,0.0045237566596673185,0.0002825923479003106
Energy Price Spike,500,GA,230.5233333333328,5.397295824968506,339.1749999999999,7.9333867295121765,1.0,0.0,0.8500000000000003,5.551115123125783e-16,10.0,0.0,1.7320508075688765,7.702526463018282e-16,0.009257143328431994,0.0006134897278028261
Energy Price Spike,500,Classical,199.49433333333312,3.8980787432899247,624.283333333334,21.758191305549513,0.9104000000000003,0.010738094182240481,0.7413399999999998,0.0036268995023297675,19.145333333333333,0.191341463241911,0.7564188748868459,0.020110660875237305,0.01108663667497846,0.000628079192887876
Energy Price Spike,500,Quantum-Inspired,192.98066666666637,5.141717568629711,730.1933333333333,19.585954718170512,0.8573999999999998,0.012123255888305484,0.6688533333333333,0.006063262781337759,19.974,0.3833327536227496,0.246383884466443,0.048042281498420006,0.022251370000109696,0.0033017776190966477
Energy Price Spike,1000,FCFS,373.00599999999946,5.584129654655476,1577.000000000001,27.49565420207421,0.829,0.004049691346263321,0.6374999999999998,0.0,21.25,0.0,0.0254905155801222,0.00898572513582424,0.009393580013420433,0.00046930447742989887
Energy Price Spike,1000,Round Robin,373.00599999999946,5.584129654655476,1577.000000000001,27.49565420207421,0.829,0.004049691346263321,0.6374999999999998,0.0,21.25,0.0,0.0254905155801222,0.00898572513582424,0.009216979995835572,0.0008679675860685932
Energy Price Spike,1000,Min-Min,373.4379999999993,5.680483782214447,1574.4600000000005,24.131854466658876,0.8353999999999999,0.006086049621881182,0.6375,7.021666937153402e-17,21.25,0.0,0.0017491459039358215,0.0003913175840311484,0.009199520002584904,0.000477416175412447
Energy Price Spike,1000,GA,458.69000000000017,6.985774116016113,674.9399999999982,10.312584545108235,1.0,0.0,0.8499999999999999,1.1102230246251565e-16,10.0,0.0,1.7320508075688774,1.4043333874306804e-16,0.019734239985700695,0.0019869883619799845
Energy Price Spike,1000,Classical,367.36199999999934,5.093373734569352,1473.0699999999986,26.744562064090605,0.8698,0.009453041838477188,0.6613899999999999,0.0006880406964707351,23.032000000000004,0.0440000000000008,0.7547532459921167,0.006252625720197906,0.021509560022968797,0.0005625803986348512
Energy Price Spike,1000,Quantum-Inspired,373.9999999999993,5.795170403017015,1557.1199999999992,24.714360198070896,0.833,0.01104536101718727,0.64709,0.002040931160034549,21.201,0.25829053408903746,0.0731207145388553,0.023652318305937944,0.04765615998767316,0.007908633272795978
Energy Price Spike,2000,FCFS,742.2060000000013,6.726489723474167,3130.710000000004,30.706846142189303,0.8351,0.005247856705360799,0.6374999999999998,0.0,21.25,0.0,0.014069359610472246,0.0036677081889289146,0.01837257998995483,0.0005255429245694724
Energy Price Spike,2000,Round Robin,742.2060000000013,6.726489723474167,3130.710000000004,30.706846142189303,0.8351,0.005247856705360799,0.6374999999999998,0.0,21.25,0.0,0.014069359610472246,0.0036677081889289146,0.018505580013152213,0.0006041830827531737
Energy Price Spike,2000,Min-Min,742.4940000000001,6.897398350102807,3130.680000000004,28.91533503177764,0.8324999999999999,0.0068774995456197755,0.6375,0.0,21.25,0.0,0.0008854576635554119,0.00021639828965947896,0.01960040000267327,0.0017301686810428278
Energy Price Spike,2000,GA,912.000000000008,8.484357371067672,1341.9600000000023,12.43014078761804,1.0,0.0,0.8499999999999999,1.1102230246251565e-16,10.0,0.0,1.7320508075688774,9.930136612989092e-17,0.036609119991771875,0.0006215394475867315
Energy Price Spike,2000,Classical,749.6579999999988,8.347410137281772,3022.6400000000076,14.580857313611869,0.8885,0.006580273550544836,0.6438249999999999,0.002130258200312767,20.692999999999998,0.09183408953106674,0.1190465039132711,0.00770284871439338,0.03934441999299452,0.0017879967344966057
Energy Price Spike,2000,Quantum-Inspired,730.469999999999,8.20252644006742,3218.170000000001,17.798977498722557,0.8333,0.002942787793912441,0.618065,0.0013544002362669482,21.9565,0.1504460036026214,0.18423769534073453,0.008512104315700389,0.07765747999073938,0.0025320896858935992
Combined Stress,50,FCFS,14.120333333333337,0.9906243261476846,108.94100000000003,8.806065845010849,0.8266666666666667,0.03735713526965839,0.5055999999999998,2.220446049250313e-16,21.200000000000003,3.552713678800501e-15,0.112141120017922,0.053350027618579654,0.0005044833368932207,0.00020879155480649198
Combined Stress,50,Round Robin,14.120333333333337,0.9906243261476846,108.94100000000003,8.806065845010849,0.8266666666666667,0.03735713526965839,0.5055999999999998,2.220446049250313e-16,21.200000000000003,3.552713678800501e-15,0.112141120017922,0.053350027618579654,0.00044408000928039353,5.6736083768415524e-05
Combined Stress,50,Min-Min,14.118666666666673,1.0003757071998272,108.72166666666666,7.88642677149939,0.8346666666666668,0.04287449384216939,0.5055999999999998,2.0770370905276122e-16,21.200000000000003,3.552713678800501e-15,0.04175319811646992,0.008371739174427115,0.00046501000373003383,6.157566298389805e-05
Combined Stress,50,GA,17.34833333333334,1.2336425288100628,46.64800000000001,3.345853553280531,1.0,0.0,0.6799999999999998,2.220446049250313e-16,10.0,0.0,1.7320508075688765,7.7768461516828425e-16,0.0009560733315690111,0.00012023675616365412
Combined Stress,50,Classical,17.34833333333334,1.2336425288100628,46.64800000000001,3.345853553280531,1.0,0.0,0.6799999999999998,2.220446049250313e-16,10.0,0.0,1.7320508075688765,7.7768461516828425e-16,0.0012261066663389404,0.00012284588660916015
Combined Stress,50,Quantum-Inspired,14.402333333333333,1.1324418552647881,102.59433333333331,9.7421707654004,0.8606666666666666,0.03949120858565304,0.5265066666666667,0.01519681838046666,20.493333333333332,1.2889099615135609,0.26874622845963325,0.13456751019770546,0.002268419996835291,0.0002439646721610334
Combined Stress,100,FCFS,28.411666666666676,1.1749470437239093,219.04399999999998,10.285545067391087,0.825333333333333,0.023199616855073733,0.5099999999999999,2.220446049250313e-16,21.25,0.0,0.07495315894498947,0.028633868603073934,0.0008880700023534397,0.00019538759841802132
Combined Stress,100,Round Robin,28.411666666666676,1.1749470437239093,219.04399999999998,10.285545067391087,0.825333333333333,0.023199616855073733,0.5099999999999999,2.220446049250313e-16,21.25,0.0,0.07495315894498947,0.028633868603073934,0.0008997800042076658,0.00043874439308235684
Combined Stress,100,Min-Min,28.44333333333334,1.2022044566360401,218.28100000000003,9.380577221045616,0.838,0.03320642508109938,0.5099999999999999,2.016820280180126e-16,21.25,0.0,0.018143158550970154,0.0044759620648263795,0.0008929133260001739,9.874757861577085e-05
Combined Stress,100,GA,34.90233333333332,1.484557584677067,93.88400000000001,4.005052309271385,1.0,0.0,0.6799999999999998,3.3306690738754696e-16,10.0,0.0,1.7320508075688765,7.551693161576569e-16,0.0018161500028024116,0.00018264930927058286
Combined Stress,100,Classical,34.261333333333326,1.4084311208654152,105.85633333333337,6.180506712416244,0.9993333333333333,0.0024944382578492956,0.6733199999999999,0.0005946427498927195,11.391666666666667,0.12388390622765423,1.6089264903615594,0.030354808269504263,0.002293810003902763,0.00022456643137823355
Combined Stress,100,Quantum-Inspired,29.246,1.3099633582661774,202.54500000000002,11.53105972291069,0.8623333333333334,0.027890659527678597,0.5329600000000001,0.011984256339047483,19.875,0.8464386175815309,0.26444721621282385,0.08257012564698402,0.004221290002654617,0.00028718158546210107
Combined Stress,250,FCFS,71.62299999999995,2.0502278735138963,553.9963333333337,16.190942835081888,0.8367999999999998,0.020666236554664055,0.5091199999999998,2.220446049250313e-16,21.240000000000006,7.105427357601002e-15,0.045965256949122575,0.018545448558080897,0.002187313329583655,0.00010821887445823926
Combined Stress,250,Round Robin,71.62299999999995,2.0502278735138963,553.9963333333337,16.190942835081888,0.8367999999999998,0.020666236554664055,0.5091199999999998,2.220446049250313e-16,21.240000000000006,7.105427357601002e-15,0.045965256949122575,0.018545448558080897,0.0021537066747744876,0.00015528068194286472
Combined Stress,250,Min-Min,71.71666666666661,2.0468012985034845,552.9136666666668,15.800905561250419,0.8396000000000002,0.02043134846259541,0.5091199999999998,2.220446049250313e-16,21.240000000000006,7.105427357601002e-15,0.008737248297046012,0.0021654915704659985,0.0022643466654699296,0.00024518588757456135
Combined Stress,250,GA,88.09533333333323,2.522514266009669,237.0060000000001,6.795395794212436,1.0,0.0,0.6799999999999998,1.1102230246251565e-16,10.0,0.0,1.7320508075688765,7.99566148153398e-16,0.0045384299921958395,0.00030594622405945196
Combined Stress,250,Classical,85.22966666666656,2.357782126396676,290.79166666666674,11.026797384352191,0.9986666666666666,0.002385139175999778,0.6684959999999999,8.61626369141434e-05,12.396666666666665,0.01795054935711495,1.516066911486131,0.018723014153317986,0.005669090008207907,0.0002609027096105612
Combined Stress,250,Quantum-Inspired,73.34433333333327,2.274267183560948,519.530666666667,19.01919222493137,0.8506666666666668,0.017868656605601035,0.5323519999999999,0.006702886144540013,20.201333333333334,0.6473522139368095,0.21424861505112133,0.060940018010733614,0.011297223328923186,0.003114169728902493
Combined Stress,500,FCFS,143.5669999999999,3.313185928981325,1109.4276666666674,27.966061417765506,0.8371333333333333,0.015281215774785577,0.5099999999999999,1.1102230246251565e-16,21.25,0.0,0.0370998182815667,0.012555183267696144,0.004609663336304947,0.0004924506744436527
Combined Stress,500,Round Robin,143.5669999999999,3.313185928981325,1109.4276666666674,27.966061417765506,0.8371333333333333,0.015281215774785577,0.5099999999999999,1.1102230246251565e-16,21.25,0.0,0.0370998182815667,0.012555183267696144,0.004879613333226492,0.003210637342925391
Combined Stress,500,Min-Min,143.70299999999986,3.34252713776068,1107.3136666666667,25.887426482539638,0.8396666666666668,0.016773656594659254,0.5099999999999999,1.4043333874306804e-16,21.25,0.0,0.0037025478515386604,0.0008287933195383903,0.0044607133274742715,0.00021427275964096737
Combined Stress,500,GA,176.48666666666665,4.123748564379537,474.8450000000002,11.106741421317205,1.0,0.0,0.6799999999999998,0.0,10.0,0.0,1.7320508075688765,7.702526463018282e-16,0.009100993326865137,0.0005256395463538606
Combined Stress,500,Classical,152.20566666666647,2.904096742343269,887.5836666666679,31.66707822364139,0.9080666666666668,0.011129340601411316,0.596896,0.0031340810455379228,19.412666666666663,0.2397072288345842,0.7547217748806987,0.020482956646552704,0.010999823336411889,0.0006900494926645614
Combined Stress,500,Quantum-Inspired,147.34099999999987,3.8884687217463756,1030.2646666666665,28.303600328501673,0.8546666666666668,0.01235403667722508,0.532784,0.0048540248591589785,20.105333333333338,0.3866155138578322,0.22655334214511696,0.04795512641862896,0.02160375333041884,0.0009734521782546939
Combined Stress,1000,FCFS,285.576,4.218997985304151,2207.800000000005,38.493915882902236,0.829,0.004049691346263321,0.5100000000000001,0.0,21.25,0.0,0.0254905155801222,0.00898572513582424,0.00908456000033766,0.00011941433752094135
Combined Stress,1000,Round Robin,285.576,4.218997985304151,2207.800000000005,38.493915882902236,0.829,0.004049691346263321,0.5100000000000001,0.0,21.25,0.0,0.0254905155801222,0.00898572513582424,0.008759059989824892,0.00029322781596749584
Combined Stress,1000,Min-Min,285.9340000000001,4.343954880060354,2204.2440000000047,33.78459625332184,0.8353999999999999,0.006086049621881182,0.51,7.021666937153402e-17,21.25,0.0,0.0017491459039358215,0.0003913175840311484,0.009075600013602525,0.0006063554699087584
Combined Stress,1000,GA,351.2380000000022,5.3905932883125285,944.9159999999971,14.437618363151401,1.0,0.0,0.6799999999999998,0.0,10.0,0.0,1.7320508075688774,1.4043333874306804e-16,0.01788864000700414,0.00023488134943305998
Combined Stress,1000,Classical,279.1560000000005,3.7625236211884756,2117.8640000000137,43.095593092563924,0.8686,0.009604165762834384,0.5358560000000001,0.00147634142392602,23.607999999999997,0.10979981785048623,0.6673042866874322,0.0044261047719476145,0.024564899993129073,0.007714562575711335
Combined Stress,1000,Quantum-Inspired,286.4700000000001,4.180918559360054,2177.966000000003,34.67349223830752,0.8343999999999999,0.013661625086350465,0.51748,0.00198119156065235,21.212,0.22204954402114851,0.07425164045015764,0.015554429517085437,0.04130058002192527,0.0009345834143575497
Combined Stress,2000,FCFS,568.2680000000028,5.162508692486639,4382.993999999991,42.989584599064514,0.8351,0.005247856705360799,0.5100000000000001,0.0,21.25,0.0,0.014069359610472246,0.0036677081889289146,0.018674839998129755,0.0004602095665804517
Combined Stress,2000,Round Robin,568.2680000000028,5.162508692486639,4382.993999999991,42.989584599064514,0.8351,0.005247856705360799,0.5100000000000001,0.0,21.25,0.0,0.014069359610472246,0.0036677081889289146,0.0184089400107041,0.000980380296145119
Combined Stress,2000,Min-Min,568.5300000000029,5.255066127081379,4382.951999999994,40.48146904449253,0.8324999999999999,0.0068774995456197755,0.51,7.021666937153402e-17,21.25,0.0,0.0008854576635554119,0.00021639828965947896,0.018952599994372578,0.0005189965565978672
Combined Stress,2000,GA,698.3520000000024,6.433053396327012,1878.744000000017,17.40219710266508,1.0,0.0,0.6799999999999998,0.0,10.0,0.0,1.7320508075688774,9.930136612989092e-17,0.037384620006196204,0.0008613336299459194
Combined Stress,2000,Classical,574.445999999997,6.380641347074408,4221.700000000016,19.292538454024893,0.8998999999999999,0.0069526973183074835,0.515148,0.0015756954020367735,20.630000000000003,0.174119212035892,0.12386692422915002,0.008021149439463382,0.039468479983042926,0.0011161693314937886
Combined Stress,2000,Quantum-Inspired,559.5440000000035,6.079353913040331,4506.865999999982,23.625322516319454,0.8315999999999999,0.003215587038162718,0.4948920000000001,0.0017935261358564068,22.005,0.11388590782006393,0.17525850799791778,0.017682063317422725,0.0875549399992451,0.008776279500680557
