Scenario,TaskCount,Metric,t_statistic,p_value,Significant_05
Static Environment,50,Carbon,-40.294280838866726,5.150152982014344e-27,True
Static Environment,100,Carbon,-55.92593025502383,4.312616639740646e-31,True
Static Environment,250,Carbon,-22.413665790753992,7.325961781416408e-20,True
Static Environment,500,Carbon,13.431958637279108,5.587559538865103e-14,True
Static Environment,1000,Carbon,-57.779582877447034,1.6888929763272506e-31,True
Static Environment,2000,Carbon,-171.2618791870762,3.886744062537516e-45,True
Dynamic Carbon,50,Carbon,-41.266962619007124,2.6084969889681836e-27,True
Dynamic Carbon,100,Carbon,-58.37369945686476,1.258413718642866e-31,True
Dynamic Carbon,250,Carbon,-31.687624649161407,4.7038088643662224e-24,True
Dynamic Carbon,500,Carbon,-14.622635897064363,6.469081116355736e-15,True
Dynamic Carbon,1000,Carbon,-58.84674442005834,9.976897595342703e-32,True
Dynamic Carbon,2000,Carbon,-77.23783330210384,3.9368030559583354e-35,True
Dynamic Renewable Availability,50,Carbon,-37.476526663853555,4.056907775624501e-26,True
Dynamic Renewable Availability,100,Carbon,-42.795239896785404,9.237549559937994e-28,True
Dynamic Renewable Availability,250,Carbon,-5.310250730406026,1.071046076474307e-05,True
Dynamic Renewable Availability,500,Carbon,23.541815169514628,1.8948533757649014e-20,True
Dynamic Renewable Availability,1000,Carbon,-7.564738438752267,2.4391773045879114e-08,True
Dynamic Renewable Availability,2000,Carbon,-15.109091766557668,2.785948344347373e-15,True
Dynamic Cost,50,Carbon,-40.294280838866726,5.150152982014344e-27,True
Dynamic Cost,100,Carbon,-55.92593025502383,4.312616639740646e-31,True
Dynamic Cost,250,Carbon,-22.413665790753992,7.325961781416408e-20,True
Dynamic Cost,500,Carbon,13.431958637279108,5.587559538865103e-14,True
Dynamic Cost,1000,Carbon,-57.779582877447034,1.6888929763272506e-31,True
Dynamic Cost,2000,Carbon,-171.2618791870762,3.886744062537516e-45,True
Combined Dynamic Environment,50,Carbon,-39.82438809235607,7.194767184298458e-27,True
Combined Dynamic Environment,100,Carbon,-52.91379519654123,2.1157954898623222e-30,True
Combined Dynamic Environment,250,Carbon,-13.462216532994635,5.280490528134264e-14,True
Combined Dynamic Environment,500,Carbon,15.020176838779761,3.244561364722376e-15,True
Combined Dynamic Environment,1000,Carbon,-30.28939198361399,1.6775930183616693e-23,True
Combined Dynamic Environment,2000,Carbon,-48.037280688698836,3.387540527493129e-29,True
