Tasks,Algorithm,Cost_mean,Cost_std,Carbon_mean,Carbon_std,SLA_mean,SLA_std,CV_mean,CV_std,Runtime_mean,Runtime_std
50,Classical,13.299999999999995,0.9200289850506529,34.644999999999996,2.5511876319340625,1.0,0.0,1.700118969473017,0.02324442943464899,0.0009714366712917884,0.00015905672959244478
50,Quantum-Inspired,11.744333333333335,0.761921620349204,64.05833333333332,8.110785857253429,0.9046666666666667,0.03676350847723262,0.7099906944535755,0.14114517916046374,0.001424283334442104,0.0001371417257986122
50,FCFS,10.834333333333335,0.8030802505907426,84.10166666666666,5.631747557868299,0.8473333333333334,0.051246680109273635,0.12127678970656247,0.044660342312090574,0.00032662000545921426,6.871537106693454e-05
50,Min-Min,8.908000000000003,0.615371974229137,122.48499999999999,8.461364645650649,0.5319999999999999,0.0768721882954644,1.7320508075688765,7.702526463018282e-16,0.0003865299979224801,0.00010219381304068247
100,Classical,26.147333333333332,1.229856179486946,80.99833333333336,3.9137467839512694,0.9976666666666667,0.004955356249106174,1.5577585672204068,0.03051703207508715,0.0016223233367782086,0.0002482876939950337
100,Quantum-Inspired,23.754999999999995,1.1932804923124047,125.85833333333333,7.689669296458009,0.9050000000000001,0.025396850198400583,0.7352045960253182,0.08697301525044732,0.002433139995749419,0.0003681048608567871
100,FCFS,21.790333333333326,1.0127305773117656,167.775,8.603746761343775,0.8380000000000002,0.034871191548325374,0.07737207335179888,0.037205780898894564,0.0005128633308534821,8.025717371610295e-05
100,Min-Min,17.89466666666665,0.8160054466049148,246.05166666666668,11.22007489081763,0.5243333333333332,0.043793708325384935,1.7320508075688765,7.397785161770223e-16,0.000622030006100734,0.00010879290964929184
250,Classical,65.10733333333329,1.6414179507026576,218.44833333333344,8.069236677378806,0.9950666666666667,0.003678163793102329,1.4894352853263417,0.024380519301790058,0.004411583335604518,0.0006256363807110804
250,Quantum-Inspired,60.185333333333304,1.6014883355456797,307.7650000000001,11.599325770635685,0.8994666666666669,0.014632687912873558,0.7968347476320975,0.05513067549006431,0.007577100004224727,0.0049965759446753575
250,FCFS,54.80999999999999,1.4020722758355408,424.11499999999995,12.442482000522785,0.8368000000000001,0.019606801540961925,0.0435792162334079,0.01804647634319364,0.0013829233299475162,0.00015459194336797126
250,Min-Min,45.05466666666662,1.1413901854999293,619.5016666666667,15.694115050623962,0.5192,0.0346471740069326,1.7320508075688765,7.850462293418876e-16,0.0016237233416177333,0.00022725370464465606
500,Classical,118.33233333333344,1.9854868140808204,614.4516666666672,16.288029773084453,0.9109333333333335,0.012325943732180863,0.8027928697855207,0.01270479598435433,0.009687613338852923,0.0014635283176952327
500,Quantum-Inspired,118.74366666666674,1.9742686128172706,661.6916666666662,21.045661007015717,0.8819333333333333,0.015279470613284434,0.6681010606757758,0.024605136490433024,0.014577699997850383,0.0021820233429442836
500,FCFS,110.34033333333335,2.1201548423536294,849.8916666666669,18.8900374242321,0.8365333333333334,0.013144665162042834,0.03128646433204662,0.012065034559608934,0.0034152133370904873,0.0007372597672962085
500,Min-Min,90.57199999999989,1.7583674246300165,1245.3649999999989,24.177552088663113,0.5193333333333333,0.021573646474859615,1.7320508075688765,7.850462293418876e-16,0.003738506669954707,0.0006162064016495669
1000,Classical,218.0220000000003,2.3324356368397723,1511.6299999999987,30.997977353369656,0.8448,0.007291090453423281,0.79159066516521,0.015313748402025427,0.01874953000806272,0.002337522511995644
1000,Quantum-Inspired,219.25900000000019,2.659381319028967,1670.6999999999982,26.654221054084932,0.8248999999999999,0.011273420066687823,0.22347520025274475,0.024982899512972896,0.028607810015091672,0.004431846534209936
1000,FCFS,220.83200000000062,2.7504865024210092,1701.6600000000003,28.28812294939339,0.8396000000000001,0.006931089380465388,0.029889874444985552,0.014694212278723726,0.0076576899853535,0.0026118441459453416
1000,Min-Min,181.34399999999974,2.29072564922118,2493.4800000000023,31.49747767679194,0.5194,0.010336343647538049,1.7320508075688772,1.8577584504832502e-16,0.008742300001904369,0.0025854566168881
2000,Classical,429.5370000000019,4.990583232448985,3508.029999999988,33.2201836238151,0.8472500000000001,0.00688567353277804,0.20938337541022026,0.005439345664781291,0.02949837999767624,0.0038647112392002003
2000,Quantum-Inspired,356.5160000000008,0.13131641176906472,2944.9999999999905,2.00295431073257e-12,0.8346302718055456,0.007588142547099749,0.24837248013596208,0.0,0.04771228999015875,0.011421295472354735
2000,FCFS,438.65400000000346,4.486069994995749,3375.330000000001,45.855278867323754,0.8401499999999998,0.004433114029663581,0.019476877662171373,0.0075891281506954905,0.014027639996493235,0.0017403123486500265
2000,Min-Min,360.0239999999996,3.881080261988766,4950.3300000000245,53.36485360234777,0.51985,0.006192939528204691,1.7320508075688772,1.8577584504832502e-16,0.01656654999824241,0.0021169788320968704
